,,"Sputtered Mo Back Contact, based on ITO [kg]","Electricity, at grid, US, 2000 [kWh]","Sputtering target, Mo [kg]","Oxygen, liquid, at plant [kg]","Production of Argon (at plant) [kg]","Pure Molybdenum Metal [kg]","Electricity, at grid, US, 2008 [kWh]","Production of Helium [m3]","Hydrogen, liquid, synthesis gas, at plant [kg]","Molybdenum Trioxide (at plant) [kg]","Electricity, bituminous coal, at power plant [kWh]","Natural gas, processed, at plant [m3]","Natural gas, combusted in industrial boiler [m3]","Natural gas, processed, for olefins production, at plant [kg]","Transport, pipeline, natural gas [t*km]","Transport, barge, average fuel mix [t*km]","transport, train, diesel powered [t*km]","transport, combination truck, diesel powered [t*km]","Diesel, combusted in industrial boiler [m3]","Gasoline, combusted in equipment [m3]","Natural gas, at extraction site [m3]","Natural gas, processed, at plant [m3]","Transport, combination truck, average fuel mix [t*km]","Natural gas, extracted [kg]","transport, barge, diesel powered [t*km]","Transport, barge, residual fuel oil powered [t*km]"
,,"","","","","","","","","","","","","","","","","","","","","","","","","",""
"Air [kg]","resource / in air",0.0,0.0,0.0,0.0,-1.000856422,0.0,0.0,0.0,0.0,0.0,0.0,0.0,0.0,0.0,0.0,0.0,0.0,0.0,0.0,0.0,0.0,0.0,0.0,0.0,0.0,0.0
"Carbon dioxide [kg]","air / unspecified",16473.99,0.0,0.0,0.0,7.63836E-4,0.0,0.0,0.0,0.0,10.2666666666667,0.0,0.0,0.0,0.0,0.0,0.0,0.0,0.0,0.0,0.0,0.0,0.0,0.0,0.0,0.0,0.0
"Water [kg]","air / unspecified",0.0,0.0,0.0,0.0,9.32806E-5,0.0,0.0,0.0,0.0,0.0,0.0,0.0,0.0,0.0,0.0,0.0,0.0,0.0,0.0,0.0,0.0,0.0,0.0,0.0,0.0,0.0
"Argon [kg]","air / unspecified",0.0,0.0,0.0,0.0,6.50418E-5,0.0,0.0,0.0,0.0,0.0,0.0,0.0,0.0,0.0,0.0,0.0,0.0,0.0,0.0,0.0,0.0,0.0,0.0,0.0,0.0,0.0
"Methane, fossil [kg]","air / unspecified",0.0,0.0,0.0,0.0,0.0,0.0,0.0,7.816981E-5,0.0,0.0,8.31E-6,0.00138,3.6E-5,0.0019,0.00456686387489079,0.0,9.0485E-7,1.2883E-6,6.1E-6,9.2063E-4,0.0,0.00138,0.0,0.0,6.4861E-7,6.4329E-7
"NMVOC, non-methane volatile organic compounds, unspecified origin [kg]","air / unspecified",0.0,0.0,0.0,0.0,0.0,0.0,0.0,3.396731E-5,0.0,0.0,2.49E-5,0.0,0.0,0.0,0.0,0.0,1.8466E-5,0.0,0.0,0.0,0.0,0.0,0.0,0.0,0.0,0.0
"Carbon dioxide, fossil [kg]","air / unspecified",0.0,0.0,0.0,0.0,0.0,0.0,0.0,0.2378837,8.0,0.0,0.994,0.0,1.96,0.053,1.38468984764995E-4,0.0,0.018949,0.079876,2.73,2.085,0.0,0.0,0.0,0.017,0.028149,0.028712
"Nitrogen oxides [kg]","air / unspecified",0.0,0.0,0.0,0.0,0.0,0.0,0.0,8.491829E-5,0.0,0.0545333333333333,0.00271,0.0,0.0016,0.0,0.0,0.0,4.9859E-4,5.3228E-4,0.00287,0.033472,0.0,0.0,0.0,0.0,3.5753E-4,3.546E-4
"Sulfur oxides [kg]","air / unspecified",0.0,0.0,0.0,0.0,0.0,0.0,0.0,0.0,2.9E-5,0.31,0.0,0.0,1.01E-5,0.0,0.0,0.0,4.1881E-6,1.759E-5,5.99E-4,5.0092E-4,0.0,0.0,0.0,0.0,6.1985E-6,9.0312E-5
"Dinitrogen monoxide [kg]","air / unspecified",0.0,0.0,0.0,0.0,0.0,0.0,0.0,0.0,0.0,0.0,2.42E-5,0.0,3.6E-5,0.0,0.0,0.0,4.7458E-7,1.9932E-6,1.32E-5,6.0969E-5,0.0,0.0,0.0,0.0,0.0,6.9662E-7
"Diesel, at refinery [m3]","",0.0,0.0,0.0,0.0,0.0,0.0,0.0,0.0,0.0,0.0,0.0,0.0,0.0,0.0,0.0,0.0,-6.482E-9,-2.7224000000000003E-8,-1.0E-6,0.0,0.0,0.0,0.0,0.0,-9.593300000000002E-9,0.0
"Particulates, > 2.5 um, and < 10um [kg]","air / unspecified",0.0,0.0,0.0,0.0,0.0,0.0,0.0,0.0,0.0,0.0,4.17E-5,0.0,1.21E-4,0.0,0.0,0.0,1.2372E-5,9.1907E-6,1.2E-4,2.6521E-4,0.0,0.0,0.0,0.0,8.8651E-6,8.7924E-6
"Carbon monoxide, fossil [kg]","air / unspecified",0.0,0.0,0.0,0.0,0.0,0.0,0.0,2.547549E-4,0.0,0.0,1.1E-4,0.0,0.00135,0.0,0.0,0.0,4.912E-5,1.2696E-4,6.0E-4,0.13535,0.0,0.0,0.0,0.0,3.5254E-5,3.4965E-5
"Lead [kg]","air / unspecified",0.0,0.0,0.0,0.0,0.0,0.0,0.0,0.0,0.0,3.25333333333333E-6,9.28E-8,0.0,8.01E-9,0.0,0.0,0.0,0.0,0.0,1.5E-7,0.0,0.0,0.0,0.0,0.0,0.0,0.0
"Dioxins, measured as 2,3,7,8-tetrachlorodibenzo-p-dioxin [kg]","air / unspecified",0.0,0.0,0.0,0.0,0.0,0.0,0.0,0.0,0.0,0.0,1.74E-13,0.0,0.0,0.0,0.0,0.0,0.0,0.0,1.66E-12,0.0,0.0,0.0,0.0,0.0,0.0,0.0
"Zinc [kg]","air / unspecified",0.0,0.0,0.0,0.0,0.0,0.0,0.0,0.0,0.0,3.18E-7,0.0,0.0,0.0,0.0,0.0,0.0,0.0,0.0,6.65E-8,0.0,0.0,0.0,0.0,0.0,0.0,0.0
"Oils, unspecified [kg]","water / unspecified",0.0,0.0,0.0,0.0,0.0,0.0,0.0,0.0,0.0,3.09333333333333E-4,8.88E-7,0.0,0.0,0.0,0.0,0.0,0.0,0.0,5.33E-7,0.0,6.09E-5,0.0,0.0,4.5E-6,0.0,0.0
"Diesel, combusted in industrial boiler [m3]","",0.0,0.0,0.0,0.0,0.0,0.0,0.0,0.0,0.0,0.0,0.0,0.0,0.0,0.0,0.0,0.0,0.0,0.0,1.0E-6,0.0,0.0,0.0,0.0,0.0,0.0,0.0
"Arsenic [kg]","air / unspecified",0.0,0.0,0.0,0.0,0.0,0.0,0.0,0.0,0.0,0.0,9.06E-8,0.0,3.2E-9,0.0,0.0,0.0,0.0,0.0,6.65E-8,0.0,0.0,0.0,0.0,0.0,0.0,0.0
"Mercury [kg]","air / unspecified",0.0,0.0,0.0,0.0,0.0,0.0,0.0,0.0,0.0,1.09333333333333E-7,1.83E-8,0.0,4.16E-9,0.0,0.0,0.0,0.0,0.0,4.99E-8,0.0,0.0,0.0,0.0,0.0,0.0,0.0
"Cadmium [kg]","air / unspecified",0.0,0.0,0.0,0.0,0.0,0.0,0.0,0.0,0.0,0.0,1.13E-8,0.0,1.76E-8,0.0,0.0,0.0,0.0,0.0,4.99E-8,0.0,0.0,0.0,0.0,0.0,0.0,0.0
"Copper [kg]","air / unspecified",0.0,0.0,0.0,0.0,0.0,0.0,0.0,0.0,0.0,0.0,0.0,0.0,0.0,0.0,0.0,0.0,0.0,0.0,9.97E-8,0.0,0.0,0.0,0.0,0.0,0.0,0.0
"Chromium [kg]","air / unspecified",0.0,0.0,0.0,0.0,0.0,0.0,0.0,0.0,0.0,0.0,5.74E-8,0.0,2.24E-8,0.0,0.0,0.0,0.0,0.0,4.99E-8,0.0,0.0,0.0,0.0,0.0,0.0,0.0
"Beryllium [kg]","air / unspecified",0.0,0.0,0.0,0.0,0.0,0.0,0.0,0.0,0.0,0.0,4.64E-9,0.0,1.92E-10,0.0,0.0,0.0,0.0,0.0,4.99E-8,0.0,0.0,0.0,0.0,0.0,0.0,0.0
"Ethene, tetrachloro- [kg]","air / unspecified",0.0,0.0,0.0,0.0,0.0,0.0,0.0,0.0,0.0,0.0,9.5E-9,0.0,0.0,0.0,0.0,0.0,0.0,0.0,9.14E-9,0.0,0.0,0.0,0.0,0.0,0.0,0.0
"Radioactive species, unspecified [kBq]","air / unspecified",0.0,0.0,0.0,0.0,0.0,0.0,0.0,0.0,0.0,0.0,12.5,0.0,0.00342,0.0,0.0,0.0,0.0,0.0,0.108,0.0,0.0,0.0,0.0,0.0,0.0,0.0
"Manganese [kg]","air / unspecified",0.0,0.0,0.0,0.0,0.0,0.0,0.0,0.0,0.0,0.0,1.08E-7,0.0,6.09E-9,0.0,0.0,0.0,0.0,0.0,9.97E-8,0.0,0.0,0.0,0.0,0.0,0.0,0.0
"Methane, dichloro-, HCC-30 [kg]","air / unspecified",0.0,0.0,0.0,0.0,0.0,0.0,0.0,0.0,0.0,0.0,6.41E-8,0.0,0.0,0.0,0.0,0.0,0.0,0.0,5.36E-7,0.0,0.0,0.0,0.0,0.0,0.0,0.0
"Chloride [kg]","water / unspecified",0.0,0.0,0.0,0.0,0.0,0.0,0.0,0.0,0.0,0.109333333333333,0.0,0.0,0.0,0.0,0.0,0.0,0.0,0.0,7.11E-9,0.0,0.114,0.0,0.0,0.0063,0.0,0.0
"Iron [kg]","water / unspecified",0.0,0.0,0.0,0.0,0.0,0.0,0.0,0.0,0.0,0.0,0.0,0.0,0.0,0.0,0.0,0.0,0.0,0.0,3.56E-8,0.0,1.84E-4,0.0,0.0,4.29E-5,0.0,0.0
"Hydrogen chloride [kg]","air / unspecified",0.0,0.0,0.0,0.0,0.0,0.0,0.0,0.0,0.0,10.001113333333333,2.65E-4,0.0,0.0,0.0,0.0,0.0,0.0,0.0,8.38E-5,0.0,0.0,0.0,0.0,0.0,0.0,0.0
"Dummy_Transport, pipeline, unspecified [t*km]","",0.0,0.0,0.0,0.0,0.0,0.0,0.0,0.0,0.0,0.0,0.0,0.0,-1.19,0.0,0.0,0.0,0.0,0.0,-0.0413,-0.041307,0.0,0.0,0.0,0.0,0.0,0.0
"VOC, volatile organic compounds [kg]","air / unspecified",0.0,0.0,0.0,0.0,0.0,0.0,0.0,0.0,0.0,0.0,0.0,5.66E-4,8.84E-5,7.7E-4,0.0,0.0,0.0,2.6292E-5,2.41E-5,0.0028351,0.0,5.66E-4,0.0,0.0,1.3237E-5,1.3128E-5
"Copper, ion [kg]","water / unspecified",0.0,0.0,0.0,0.0,0.0,0.0,0.0,0.0,0.0,1.62E-6,0.0,0.0,0.0,0.0,0.0,0.0,0.0,0.0,3.56E-8,0.0,4.47E-7,0.0,0.0,0.0,0.0,0.0
"Nickel [kg]","air / unspecified",0.0,0.0,0.0,0.0,0.0,0.0,0.0,0.0,0.0,0.0,6.19E-8,0.0,3.36E-8,0.0,0.0,0.0,0.0,0.0,4.99E-8,0.0,0.0,0.0,0.0,0.0,0.0,0.0
"Phenols, unspecified [kg]","air / unspecified",0.0,0.0,0.0,0.0,0.0,0.0,0.0,0.0,0.0,0.0,3.53E-9,0.0,0.0,0.0,0.0,0.0,0.0,0.0,4.04E-7,0.0,0.0,0.0,0.0,0.0,0.0,0.0
"Suspended solids, unspecified [kg]","water / unspecified",0.0,0.0,0.0,0.0,0.0,0.0,0.0,0.0,0.0,0.00456,1.78E-6,0.0,0.0,0.0,0.0,0.0,0.0,0.0,1.07E-6,0.0,0.00201,0.0,0.0,0.00256,0.0,0.0
"Selenium [kg]","air / unspecified",0.0,0.0,0.0,0.0,0.0,0.0,0.0,0.0,0.0,0.0,2.87E-7,0.0,3.84E-10,0.0,0.0,0.0,0.0,0.0,2.49E-7,0.0,0.0,0.0,0.0,0.0,0.0,0.0
"Benzene [kg]","air / unspecified",0.0,0.0,0.0,0.0,0.0,0.0,0.0,0.0,0.0,0.0,2.87E-7,0.0,3.36E-8,9.6E-5,0.0,0.0,0.0,0.0,0.0,1.3975E-5,0.0,0.0,0.0,0.0,0.0,0.0
"Naphthalene [kg]","air / unspecified",0.0,0.0,0.0,0.0,0.0,0.0,0.0,0.0,0.0,0.0,2.87E-9,0.0,9.77E-9,0.0,0.0,0.0,0.0,0.0,0.0,0.0,0.0,0.0,0.0,0.0,0.0,0.0
"Formaldehyde [kg]","air / unspecified",0.0,0.0,0.0,0.0,0.0,0.0,0.0,0.0,0.0,0.0,5.3E-8,0.0,1.2E-6,0.0,0.0,0.0,0.0,0.0,0.0,1.7674E-5,0.0,0.0,0.0,0.0,0.0,0.0
"Cobalt [kg]","air / unspecified",0.0,0.0,0.0,0.0,0.0,0.0,0.0,0.0,0.0,0.0,2.21E-8,0.0,1.35E-9,0.0,0.0,0.0,0.0,0.0,0.0,0.0,0.0,0.0,0.0,0.0,0.0,0.0
"Hydrogen [kg]","air / unspecified",0.0,0.0,0.0,0.0,0.0,0.063024947,0.0,0.0,0.0,0.0,0.0,0.0,0.0,0.0,0.0,0.0,0.0,0.0,0.0,0.0,0.0,0.0,0.0,0.0,0.0,0.0
"waste water - untreated [kg]","End-of-life treatment / Waste water treatment",0.0,0.0,0.0,0.0,0.0,0.563200434,0.0,0.0,0.0,0.0,0.0,0.0,0.0,0.0,0.0,0.0,0.0,0.0,0.0,0.0,0.0,0.0,0.0,0.0,0.0,0.0
"Residual fuel oil, at refinery [m3]","",0.0,0.0,0.0,0.0,0.0,0.0,0.0,0.0,0.0,0.0,0.0,0.0,0.0,0.0,0.0,0.0,0.0,0.0,0.0,0.0,0.0,0.0,0.0,0.0,0.0,-8.8155E-9
"Electricity, bituminous coal, at power plant [kWh]","",0.0,-1.9620000000000002,0.0,0.0,0.0,0.0,-1.6649751068293641,0.0,0.0,0.0,0.0,0.0,0.0,0.0,0.0,0.0,0.0,0.0,0.0,0.0,0.0,0.0,0.0,0.0,0.0,0.0
"Electricity, nuclear, at power plant [kWh]","",0.0,-0.7776,0.0,0.0,0.0,0.0,-0.7045586711934948,0.0,0.0,0.0,0.0,0.0,0.0,0.0,0.0,0.0,0.0,0.0,0.0,0.0,0.0,0.0,0.0,0.0,0.0,0.0
"Dummy_Electricity, at wind power plant, unspecified [kWh]","",0.0,-0.00576,0.0,0.0,0.0,0.0,-0.04838271410354544,0.0,0.0,0.0,0.0,0.0,0.0,0.0,0.0,0.0,0.0,0.0,0.0,0.0,0.0,0.0,0.0,0.0,0.0,0.0
"Dummy_Electricity, biomass, liquid, unspecified, at power plant [kWh]","",0.0,0.0,0.0,0.0,0.0,0.0,-0.015219604476086892,0.0,0.0,0.0,0.0,0.0,0.0,0.0,0.0,0.0,0.0,0.0,0.0,0.0,0.0,0.0,0.0,0.0,0.0,0.0
"Dummy_Electricity, hydropower, at power plant, unspecified [kWh]","",0.0,-0.28008,0.0,0.0,0.0,0.0,-0.2172060547416702,0.0,0.0,0.0,0.0,0.0,0.0,0.0,0.0,0.0,0.0,0.0,0.0,0.0,0.0,0.0,0.0,0.0,0.0,0.0
"Dummy_Electricity, biomass, solid, unspecified, at power plant [kWh]","",0.0,0.0,0.0,0.0,0.0,0.0,-7.680708335029032E-4,0.0,0.0,0.0,0.0,0.0,0.0,0.0,0.0,0.0,0.0,0.0,0.0,0.0,0.0,0.0,0.0,0.0,0.0,0.0
"Dummy_Electricity, other fuels, unspecified, at power plant [kWh]","",0.0,0.0,0.0,0.0,0.0,0.0,-0.0035947650496524373,0.0,0.0,0.0,0.0,0.0,0.0,0.0,0.0,0.0,0.0,0.0,0.0,0.0,0.0,0.0,0.0,0.0,0.0,0.0
"Dummy_Electricity, other gases, unspecified,  at power plant [kWh]","",0.0,0.0,0.0,0.0,0.0,0.0,-0.010230829346202085,0.0,0.0,0.0,0.0,0.0,0.0,0.0,0.0,0.0,0.0,0.0,0.0,0.0,0.0,0.0,0.0,0.0,0.0,0.0
"Dummy_Electricity, biomass, solid, biogenic MSW, at power plant [kWh]","",0.0,0.0,0.0,0.0,0.0,0.0,-0.007075926316384705,0.0,0.0,0.0,0.0,0.0,0.0,0.0,0.0,0.0,0.0,0.0,0.0,0.0,0.0,0.0,0.0,0.0,0.0,0.0
"Electricity, Natural Gas, at power plant [kWh]","",0.0,-0.6228,0.0,0.0,0.0,0.0,-0.7716511147081897,0.0,0.0,0.0,0.0,0.0,0.0,0.0,0.0,0.0,0.0,0.0,0.0,0.0,0.0,0.0,0.0,0.0,0.0,0.0
"Dummy_Electricity, biomass, gas, unspecified, at power plant [kWh]","",0.0,0.0,0.0,0.0,0.0,0.0,-5.488556759333677E-4,0.0,0.0,0.0,0.0,0.0,0.0,0.0,0.0,0.0,0.0,0.0,0.0,0.0,0.0,0.0,0.0,0.0,0.0,0.0
"Dummy_Electricity, petroleum coke, at power plant [kWh]","",0.0,0.0,0.0,0.0,0.0,0.0,-0.012519006583352327,0.0,0.0,0.0,0.0,0.0,0.0,0.0,0.0,0.0,0.0,0.0,0.0,0.0,0.0,0.0,0.0,0.0,0.0,0.0
"Dummy_Electricity, biomass, gas, landfill, at power plant [kWh]","",0.0,0.0,0.0,0.0,0.0,0.0,-0.006254042337885672,0.0,0.0,0.0,0.0,0.0,0.0,0.0,0.0,0.0,0.0,0.0,0.0,0.0,0.0,0.0,0.0,0.0,0.0,0.0
"Dummy_Electricity, biomass, solid, agriculture by-products, at power plant [kWh]","",0.0,0.0,0.0,0.0,0.0,0.0,-6.79177269173844E-4,0.0,0.0,0.0,0.0,0.0,0.0,0.0,0.0,0.0,0.0,0.0,0.0,0.0,0.0,0.0,0.0,0.0,0.0,0.0
"Electricity, residual fuel oil, at power plant [kWh]","",0.0,-0.1116,0.0,0.0,0.0,0.0,-0.020440034230226868,0.0,0.0,0.0,0.0,0.0,0.0,0.0,0.0,0.0,0.0,0.0,0.0,0.0,0.0,0.0,0.0,0.0,0.0,0.0
"Dummy_Electricity, tire derived fuel, at power plant [kWh]","",0.0,0.0,0.0,0.0,0.0,0.0,-0.0010636470288676045,0.0,0.0,0.0,0.0,0.0,0.0,0.0,0.0,0.0,0.0,0.0,0.0,0.0,0.0,0.0,0.0,0.0,0.0,0.0
"Dummy_Electricity, geothermal, unspecified [kWh]","",0.0,-0.014436,0.0,0.0,0.0,0.0,-0.013066225943698656,0.0,0.0,0.0,0.0,0.0,0.0,0.0,0.0,0.0,0.0,0.0,0.0,0.0,0.0,0.0,0.0,0.0,0.0,0.0
"Dummy_Electricity, biomass, liquid, sludge, at power plant [kWh]","",0.0,0.0,0.0,0.0,0.0,0.0,-1.6152557516763732E-4,0.0,0.0,0.0,0.0,0.0,0.0,0.0,0.0,0.0,0.0,0.0,0.0,0.0,0.0,0.0,0.0,0.0,0.0,0.0
"Dummy_Electricity, MSW, non-biogenic, at power plant [kWh]","",0.0,0.0,0.0,0.0,0.0,0.0,-0.005559673749794388,0.0,0.0,0.0,0.0,0.0,0.0,0.0,0.0,0.0,0.0,0.0,0.0,0.0,0.0,0.0,0.0,0.0,0.0,0.0
"Electricity, lignite coal, at power plant [kWh]","",0.0,-0.10332,0.0,0.0,0.0,0.0,-0.07044891859707625,0.0,0.0,0.0,0.0,0.0,0.0,0.0,0.0,0.0,0.0,0.0,0.0,0.0,0.0,0.0,0.0,0.0,0.0,0.0
"Electricity, diesel, at power plant [kWh]","",0.0,0.0,0.0,0.0,0.0,0.0,-0.006654809433571738,0.0,0.0,0.0,0.0,0.0,0.0,0.0,0.0,0.0,0.0,0.0,0.0,0.0,0.0,0.0,0.0,0.0,0.0,0.0
"Dummy_Electricity, solar, unspecified, at power plant [kWh]","",0.0,0.0,0.0,0.0,0.0,0.0,-7.553387604227724E-4,0.0,0.0,0.0,0.0,0.0,0.0,0.0,0.0,0.0,0.0,0.0,0.0,0.0,0.0,0.0,0.0,0.0,0.0,0.0
"Electricity, biomass, at power plant [kWh]","",0.0,-0.05688000000000001,0.0,0.0,0.0,0.0,-0.01738756632723671,0.0,0.0,0.0,0.0,0.0,0.0,0.0,0.0,0.0,0.0,0.0,0.0,0.0,0.0,0.0,0.0,0.0,0.0,0.0
"Dummy_Electricity, petroleum, waste oil, at power plant [kWh]","",0.0,0.0,0.0,0.0,0.0,0.0,-7.983208894999608E-4,0.0,0.0,0.0,0.0,0.0,0.0,0.0,0.0,0.0,0.0,0.0,0.0,0.0,0.0,0.0,0.0,0.0,0.0,0.0
"Heat, waste [kWh]","air / unspecified",0.0,0.0,0.0,0.0,0.0,0.0,0.0,1.2981438899274038,0.0,0.0,0.0,0.0,0.0,0.0,0.0,0.0,0.0,0.0,0.0,0.0,0.0,0.0,0.0,0.0,0.0,0.0
"Particulates, < 2.5 um [kg]","air / unspecified",0.0,0.0,0.0,0.0,0.0,0.0,0.0,8.491829E-6,0.0,0.0,0.0,0.0,0.0,0.0,0.0,0.0,0.0,0.0,0.0,0.0,0.0,0.0,0.0,0.0,0.0,0.0
"Sulfur dioxide [kg]","air / unspecified",0.0,0.0,0.0,0.0,0.0,0.0,0.0,2.333847E-6,0.0,0.0,0.00677,0.0179,0.0,0.0019,0.0,0.0,0.0,0.0,0.0,0.0,0.0,0.0179,0.0,0.0,0.0,0.0
"Water, cooling, unspecified natural origin [m3]","resource / in water",0.0,0.0,0.0,0.0,0.0,0.0,0.0,-0.00330128,0.0,0.0,0.0,0.0,0.0,0.0,0.0,0.0,0.0,0.0,0.0,0.0,0.0,0.0,0.0,0.0,0.0,0.0
"Transport, combination truck, average fuel mix [t*km]","",0.0,0.0,0.0,0.0,0.0,0.0,0.0,-0.122034,0.0,0.0,0.0,0.0,0.0,0.0,0.0,0.0,0.0,0.0,0.0,0.0,0.0,0.0,0.0,0.0,0.0,0.0
"Transport, train, diesel powered [t*km]","",0.0,0.0,0.0,0.0,0.0,0.0,0.0,-0.7310846,-0.00819,0.0,0.0,0.0,0.0,0.0,0.0,0.0,0.0,0.0,0.0,0.0,0.0,0.0,0.0,0.0,0.0,0.0
"Mercury [kg]","water / unspecified",0.0,0.0,0.0,0.0,0.0,0.0,0.0,6.354812E-10,0.0,1.46E-8,0.0,0.0,0.0,0.0,0.0,0.0,0.0,0.0,0.0,0.0,6.22E-10,0.0,0.0,2.54E-10,0.0,0.0
"Dioxins, measured as 2,3,7,8-tetrachlorodibenzo-p-dioxin [kg]","water / unspecified",0.0,0.0,0.0,0.0,0.0,0.0,0.0,1.231596E-16,0.0,0.0,0.0,0.0,0.0,0.0,0.0,0.0,0.0,0.0,0.0,0.0,0.0,0.0,0.0,0.0,0.0,0.0
"Transport, combination truck, diesel powered [t*km]","",0.0,0.0,0.0,0.0,0.0,0.0,0.0,0.0,-0.0234,0.0,0.0,0.0,0.0,0.0,0.0,0.0,0.0,0.0,0.0,0.0,0.0,0.0,0.0,0.0,0.0,0.0
"TOC, Total Organic Carbon [kg]","air / unspecified",0.0,0.0,0.0,0.0,0.0,0.0,0.0,0.0,0.0036,0.0,0.0,0.0,0.0,0.0,0.0,0.0,0.0,0.0,0.0,0.0,0.0,0.0,0.0,0.0,0.0,0.0
"Water, process, unspecified natural origin [kg]","resource / unspecified",0.0,0.0,0.0,0.0,0.0,0.0,0.0,0.0,-4.8,0.0,0.0,0.0,0.0,0.0,0.0,0.0,0.0,0.0,0.0,0.0,0.0,0.0,0.0,0.0,0.0,0.0
"Carbon monoxide [kg]","air / unspecified",0.0,0.0,0.0,0.0,0.0,0.0,0.0,0.0,0.0069,0.0189333333333333,0.0,0.0,0.0,0.0,0.0,0.0,0.0,0.0,0.0,0.0,0.0,0.0,0.0,0.0,0.0,0.0
"Oxygen, in air [kg]","resource / unspecified",0.0,0.0,0.0,-1.0,0.0,0.0,0.0,0.0,0.0,0.0,0.0,0.0,0.0,0.0,0.0,0.0,0.0,0.0,0.0,0.0,0.0,0.0,0.0,0.0,0.0,0.0
"Benzene, ethyl- [kg]","air / unspecified",0.0,0.0,0.0,0.0,0.0,0.0,0.0,0.0,0.0,0.0,0.0,0.0,0.0,1.2E-5,0.0,0.0,0.0,0.0,0.0,0.0,0.0,0.0,0.0,0.0,0.0,0.0
"Xylene [kg]","air / unspecified",0.0,0.0,0.0,0.0,0.0,0.0,0.0,0.0,0.0,0.0,0.0,0.0,0.0,8.7E-5,0.0,0.0,0.0,0.0,0.0,4.2688E-6,0.0,0.0,0.0,0.0,0.0,0.0
"Diesel, combusted in industrial equipment [m3]","",0.0,0.0,0.0,0.0,0.0,0.0,0.0,0.0,0.0,0.0,0.0,0.0,0.0,-5.02E-11,0.0,0.0,0.0,0.0,0.0,0.0,0.0,0.0,0.0,-1.2899999999999999E-9,0.0,0.0
"Toluene [kg]","air / unspecified",0.0,0.0,0.0,0.0,0.0,0.0,0.0,0.0,0.0,0.0,0.0,0.0,0.0,1.5E-4,0.0,0.0,0.0,0.0,0.0,6.1261E-6,0.0,0.0,0.0,0.0,0.0,0.0
"Residual fuel oil, combusted in industrial boiler [m3]","",0.0,0.0,0.0,0.0,0.0,0.0,0.0,0.0,0.0,0.0,0.0,-3.65E-11,0.0,-4.96E-11,0.0,0.0,0.0,0.0,0.0,0.0,-5.88E-10,-3.65E-11,0.0,-7.98E-10,0.0,0.0
"Chrysene, 5-methyl- [kg]","air / unspecified",0.0,0.0,0.0,0.0,0.0,0.0,0.0,0.0,0.0,0.0,4.86E-12,0.0,0.0,0.0,0.0,0.0,0.0,0.0,0.0,0.0,0.0,0.0,0.0,0.0,0.0,0.0
"Acenaphthene [kg]","air / unspecified",0.0,0.0,0.0,0.0,0.0,0.0,0.0,0.0,0.0,0.0,1.13E-10,0.0,0.0,0.0,0.0,0.0,0.0,0.0,0.0,0.0,0.0,0.0,0.0,0.0,0.0,0.0
"Anthracene [kg]","air / unspecified",0.0,0.0,0.0,0.0,0.0,0.0,0.0,0.0,0.0,0.0,4.64E-11,0.0,0.0,0.0,0.0,0.0,0.0,0.0,0.0,0.0,0.0,0.0,0.0,0.0,0.0,0.0
"Pyrene [kg]","air / unspecified",0.0,0.0,0.0,0.0,0.0,0.0,0.0,0.0,0.0,0.0,7.29E-11,0.0,0.0,0.0,0.0,0.0,0.0,0.0,0.0,0.0,0.0,0.0,0.0,0.0,0.0,0.0
"Magnesium [kg]","air / unspecified",0.0,0.0,0.0,0.0,0.0,0.0,0.0,0.0,0.0,0.0,2.43E-6,0.0,0.0,0.0,0.0,0.0,0.0,0.0,0.0,0.0,0.0,0.0,0.0,0.0,0.0,0.0
"Antimony [kg]","air / unspecified",0.0,0.0,0.0,0.0,0.0,0.0,0.0,0.0,0.0,0.0,3.98E-9,0.0,0.0,0.0,0.0,0.0,0.0,0.0,0.0,0.0,0.0,0.0,0.0,0.0,0.0,0.0
"Chromium VI [kg]","air / unspecified",0.0,0.0,0.0,0.0,0.0,0.0,0.0,0.0,0.0,0.0,1.75E-8,0.0,0.0,0.0,0.0,0.0,0.0,0.0,0.0,0.0,0.0,0.0,0.0,0.0,0.0,0.0
"Benzo(ghi)perylene [kg]","air / unspecified",0.0,0.0,0.0,0.0,0.0,0.0,0.0,0.0,0.0,0.0,5.97E-12,0.0,0.0,0.0,0.0,0.0,0.0,0.0,0.0,0.0,0.0,0.0,0.0,0.0,0.0,0.0
"Organic substances, unspecified [kg]","air / unspecified",0.0,0.0,0.0,0.0,0.0,0.0,0.0,0.0,0.0,0.0,1.34E-6,0.0,0.0,0.0,0.0,0.0,0.0,0.0,0.0,0.0,0.0,0.0,0.0,0.0,0.0,0.0
"Dummy_Disposal, ash and flue gas desulfurization sludge, to unspecified reuse [kg]","",0.0,0.0,0.0,0.0,0.0,0.0,0.0,0.0,0.0,0.0,-0.0141,0.0,0.0,0.0,0.0,0.0,0.0,0.0,0.0,0.0,0.0,0.0,0.0,0.0,0.0,0.0
"Benzo(b,j,k)fluoranthene [kg]","air / unspecified",0.0,0.0,0.0,0.0,0.0,0.0,0.0,0.0,0.0,0.0,2.43E-11,0.0,0.0,0.0,0.0,0.0,0.0,0.0,0.0,0.0,0.0,0.0,0.0,0.0,0.0,0.0
"Fluorene [kg]","air / unspecified",0.0,0.0,0.0,0.0,0.0,0.0,0.0,0.0,0.0,0.0,2.01E-10,0.0,0.0,0.0,0.0,0.0,0.0,0.0,0.0,0.0,0.0,0.0,0.0,0.0,0.0,0.0
"Benzo(a)anthracene [kg]","air / unspecified",0.0,0.0,0.0,0.0,0.0,0.0,0.0,0.0,0.0,0.0,1.77E-11,0.0,0.0,0.0,0.0,0.0,0.0,0.0,0.0,0.0,0.0,0.0,0.0,0.0,0.0,0.0
"Dummy_Transport, pipeline, coal slurry [t*km]","",0.0,0.0,0.0,0.0,0.0,0.0,0.0,0.0,0.0,0.0,-0.00222,0.0,0.0,0.0,0.0,0.0,0.0,0.0,0.0,0.0,0.0,0.0,0.0,0.0,0.0,0.0
"Chrysene [kg]","air / unspecified",0.0,0.0,0.0,0.0,0.0,0.0,0.0,0.0,0.0,0.0,2.21E-11,0.0,0.0,0.0,0.0,0.0,0.0,0.0,0.0,0.0,0.0,0.0,0.0,0.0,0.0,0.0
"Dummy_Disposal, solid waste, unspecified, to unspecified treatment [kg]","",0.0,0.0,0.0,0.0,0.0,0.0,0.0,0.0,0.0,0.0,-0.0438,0.0,0.0,0.0,0.0,0.0,0.0,0.0,0.0,0.0,0.0,0.0,0.0,0.0,0.0,0.0
"Phenanthrene [kg]","air / unspecified",0.0,0.0,0.0,0.0,0.0,0.0,0.0,0.0,0.0,0.0,5.97E-10,0.0,0.0,0.0,0.0,0.0,0.0,0.0,0.0,0.0,0.0,0.0,0.0,0.0,0.0,0.0
"Indeno(1,2,3-cd)pyrene [kg]","air / unspecified",0.0,0.0,0.0,0.0,0.0,0.0,0.0,0.0,0.0,0.0,1.35E-11,0.0,0.0,0.0,0.0,0.0,0.0,0.0,0.0,0.0,0.0,0.0,0.0,0.0,0.0,0.0
"Biphenyl [kg]","air / unspecified",0.0,0.0,0.0,0.0,0.0,0.0,0.0,0.0,0.0,0.0,3.76E-10,0.0,0.0,0.0,0.0,0.0,0.0,0.0,0.0,0.0,0.0,0.0,0.0,0.0,0.0,0.0
"Acrolein [kg]","air / unspecified",0.0,0.0,0.0,0.0,0.0,0.0,0.0,0.0,0.0,0.0,6.41E-8,0.0,0.0,0.0,0.0,0.0,0.0,0.0,0.0,1.3855E-6,0.0,0.0,0.0,0.0,0.0,0.0
"Fluoranthene [kg]","air / unspecified",0.0,0.0,0.0,0.0,0.0,0.0,0.0,0.0,0.0,0.0,1.57E-10,0.0,0.0,0.0,0.0,0.0,0.0,0.0,0.0,0.0,0.0,0.0,0.0,0.0,0.0,0.0
"Furan [kg]","air / unspecified",0.0,0.0,0.0,0.0,0.0,0.0,0.0,0.0,0.0,0.0,1.1E-12,0.0,0.0,0.0,0.0,0.0,0.0,0.0,0.0,0.0,0.0,0.0,0.0,0.0,0.0,0.0
"Aldehydes, unspecified [kg]","air / unspecified",0.0,0.0,0.0,0.0,0.0,0.0,0.0,0.0,0.0,0.0,2.1E-7,0.0,0.0,0.0,0.0,0.0,0.0,0.0,0.0,0.0,0.0,0.0,0.0,0.0,0.0,0.0
"Benzo(a)pyrene [kg]","air / unspecified",0.0,0.0,0.0,0.0,0.0,0.0,0.0,0.0,0.0,0.0,8.4E-12,0.0,0.0,0.0,0.0,0.0,0.0,0.0,0.0,0.0,0.0,0.0,0.0,0.0,0.0,0.0
"Acenaphthylene [kg]","air / unspecified",0.0,0.0,0.0,0.0,0.0,0.0,0.0,0.0,0.0,0.0,5.52E-11,0.0,0.0,0.0,0.0,0.0,0.0,0.0,0.0,0.0,0.0,0.0,0.0,0.0,0.0,0.0
"Bituminous coal, at mine [kg]","",0.0,0.0,0.0,0.0,0.0,0.0,0.0,0.0,0.0,0.0,-0.442,0.0,0.0,0.0,0.0,0.0,0.0,0.0,0.0,0.0,0.0,0.0,0.0,0.0,0.0,0.0
"Hydrogen fluoride [kg]","air / unspecified",0.0,0.0,0.0,0.0,0.0,0.0,0.0,0.0,0.0,0.0,3.31E-5,0.0,0.0,0.0,0.0,0.0,0.0,0.0,0.0,0.0,0.0,0.0,0.0,0.0,0.0,0.0
"BTEX (Benzene, Toluene, Ethylbenzene, and Xylene), unspecified ratio [kg]","air / unspecified",0.0,0.0,0.0,0.0,0.0,0.0,0.0,0.0,0.0,0.0,0.0,2.53E-4,0.0,0.0,0.0,0.0,0.0,0.0,0.0,0.0,0.0,2.53E-4,0.0,0.0,0.0,0.0
"Dummy, Disposal, chemical waste, unspecified, to sanitary landfill [kg]","",1.0,0.0,0.0,0.0,0.0,0.0,0.0,0.0,0.0,0.0,0.0,0.0,0.0,0.0,0.0,0.0,0.0,0.0,0.0,0.0,0.0,0.0,0.0,0.0,0.0,0.0
"Molybdenum Sputtering Target Waste [kg]","",2.99422,0.0,0.0,0.0,0.0,0.0,0.0,0.0,0.0,0.0,0.0,0.0,0.0,0.0,0.0,0.0,0.0,0.0,0.0,0.0,0.0,0.0,0.0,0.0,0.0,0.0
"Dummy_Electricity, fossil, unspecified, at power plant [kWh]","",0.0,-0.023976,0.0,0.0,0.0,0.0,0.0,0.0,0.0,0.0,0.0,0.0,0.0,0.0,0.0,0.0,0.0,0.0,0.0,0.0,0.0,0.0,0.0,0.0,0.0,0.0
"Dummy_Electricity, photovoltaic, unspecified [kWh]","",0.0,-6.516E-4,0.0,0.0,0.0,0.0,0.0,0.0,0.0,0.0,0.0,0.0,0.0,0.0,0.0,0.0,0.0,0.0,0.0,0.0,0.0,0.0,0.0,0.0,0.0,0.0
"Dodecane [kg]","water / unspecified",0.0,0.0,0.0,0.0,0.0,0.0,0.0,0.0,0.0,0.0,0.0,0.0,0.0,0.0,0.0,0.0,0.0,0.0,0.0,0.0,1.75E-7,0.0,0.0,1.4E-8,0.0,0.0
"Naphthalene [kg]","water / unspecified",0.0,0.0,0.0,0.0,0.0,0.0,0.0,0.0,0.0,0.0,0.0,0.0,0.0,0.0,0.0,0.0,0.0,0.0,0.0,0.0,5.75E-8,0.0,0.0,4.64E-9,0.0,0.0
"Lead [kg]","water / unspecified",0.0,0.0,0.0,0.0,0.0,0.0,0.0,0.0,0.0,2.06E-6,0.0,0.0,0.0,0.0,0.0,0.0,0.0,0.0,0.0,0.0,1.01E-6,0.0,0.0,1.26E-7,0.0,0.0
"Benzenes, alkylated, unspecified [kg]","water / unspecified",0.0,0.0,0.0,0.0,0.0,0.0,0.0,0.0,0.0,0.0,0.0,0.0,0.0,0.0,0.0,0.0,0.0,0.0,0.0,0.0,3.11E-8,0.0,0.0,4.73E-8,0.0,0.0
"Dummy, Disposal, solid waste, unspecified, to unspecified treatment [kg]","",0.0,0.0,0.0,0.0,0.0,0.0,0.0,0.0,0.0,0.0,0.0,0.0,0.0,0.0,0.0,0.0,0.0,0.0,0.0,0.0,-0.0192,0.0,0.0,0.0,0.0,0.0
"Cresol, p- [kg]","water / unspecified",0.0,0.0,0.0,0.0,0.0,0.0,0.0,0.0,0.0,0.0,0.0,0.0,0.0,0.0,0.0,0.0,0.0,0.0,0.0,0.0,9.83E-8,0.0,0.0,7.9E-9,0.0,0.0
"Docosane [kg]","water / unspecified",0.0,0.0,0.0,0.0,0.0,0.0,0.0,0.0,0.0,0.0,0.0,0.0,0.0,0.0,0.0,0.0,0.0,0.0,0.0,0.0,3.39E-9,0.0,0.0,1.88E-10,0.0,0.0
"Chromium, ion [kg]","water / unspecified",0.0,0.0,0.0,0.0,0.0,0.0,0.0,0.0,0.0,0.0,0.0,0.0,0.0,0.0,0.0,0.0,0.0,0.0,0.0,0.0,1.6E-6,0.0,0.0,0.0,0.0,0.0
"Hexadecane [kg]","water / unspecified",0.0,0.0,0.0,0.0,0.0,0.0,0.0,0.0,0.0,0.0,0.0,0.0,0.0,0.0,0.0,0.0,0.0,0.0,0.0,0.0,1.91E-7,0.0,0.0,1.53E-8,0.0,0.0
"Dibenzothiophene [kg]","water / unspecified",0.0,0.0,0.0,0.0,0.0,0.0,0.0,0.0,0.0,0.0,0.0,0.0,0.0,0.0,0.0,0.0,0.0,0.0,0.0,0.0,4.9422E-10,0.0,0.0,3.64E-11,0.0,0.0
"Boron [kg]","water / unspecified",0.0,0.0,0.0,0.0,0.0,0.0,0.0,0.0,0.0,0.0,0.0,0.0,0.0,0.0,0.0,0.0,0.0,0.0,0.0,0.0,9.94E-6,0.0,0.0,7.98E-7,0.0,0.0
"COD, Chemical Oxygen Demand [kg]","water / unspecified",0.0,0.0,0.0,0.0,0.0,0.0,0.0,0.0,0.0,0.0,0.0,0.0,0.0,0.0,0.0,0.0,0.0,0.0,0.0,0.0,9.11E-4,0.0,0.0,4.02E-5,0.0,0.0
"Radium-226/kg [kg]","water / unspecified",0.0,0.0,0.0,0.0,0.0,0.0,0.0,0.0,0.0,0.0,0.0,0.0,0.0,0.0,0.0,0.0,0.0,0.0,0.0,0.0,1.15E-13,0.0,0.0,9.21E-15,0.0,0.0
"Gas, natural [m3]","resource / ground-",0.0,0.0,0.0,0.0,0.0,0.0,0.0,0.0,0.0,0.0,0.0,0.0,0.0,0.0,0.0,0.0,0.0,0.0,0.0,0.0,-1.0,0.0,0.0,0.0,0.0,0.0
"Fluorene, 1-methyl- [kg]","water / unspecified",0.0,0.0,0.0,0.0,0.0,0.0,0.0,0.0,0.0,0.0,0.0,0.0,0.0,0.0,0.0,0.0,0.0,0.0,0.0,0.0,3.61E-10,0.0,0.0,2.0E-11,0.0,0.0
"Cresol, o- [kg]","water / unspecified",0.0,0.0,0.0,0.0,0.0,0.0,0.0,0.0,0.0,0.0,0.0,0.0,0.0,0.0,0.0,0.0,0.0,0.0,0.0,0.0,9.11E-8,0.0,0.0,7.33E-9,0.0,0.0
"Methane, monochloro-, R-40 [kg]","water / unspecified",0.0,0.0,0.0,0.0,0.0,0.0,0.0,0.0,0.0,0.0,0.0,0.0,0.0,0.0,0.0,0.0,0.0,0.0,0.0,0.0,1.28E-10,0.0,0.0,7.06E-12,0.0,0.0
"Molybdenum [kg]","water / unspecified",0.0,0.0,0.0,0.0,0.0,0.0,0.0,0.0,0.0,2.34666666666667E-4,0.0,0.0,0.0,0.0,0.0,0.0,0.0,0.0,0.0,0.0,7.28E-8,0.0,0.0,5.85E-9,0.0,0.0
"Arsenic, ion [kg]","water / unspecified",0.0,0.0,0.0,0.0,0.0,0.0,0.0,0.0,0.0,0.0,0.0,0.0,0.0,0.0,0.0,0.0,0.0,0.0,0.0,0.0,7.0E-7,0.0,0.0,4.7E-8,0.0,0.0
"Benzene [kg]","water / unspecified",0.0,0.0,0.0,0.0,0.0,0.0,0.0,0.0,0.0,0.0,0.0,0.0,0.0,0.0,0.0,0.0,0.0,0.0,0.0,0.0,5.31E-6,0.0,0.0,2.6E-7,0.0,0.0
"Pentanone, methyl- [kg]","water / unspecified",0.0,0.0,0.0,0.0,0.0,0.0,0.0,0.0,0.0,0.0,0.0,0.0,0.0,0.0,0.0,0.0,0.0,0.0,0.0,0.0,1.33E-8,0.0,0.0,0.0,0.0,0.0
"Sulfate [kg]","water / unspecified",0.0,0.0,0.0,0.0,0.0,0.0,0.0,0.0,0.0,0.0542666666666667,0.0,0.0,0.0,0.0,0.0,0.0,0.0,0.0,0.0,0.0,2.33E-4,0.0,0.0,1.02E-5,0.0,0.0
"Acetone [kg]","water / unspecified",0.0,0.0,0.0,0.0,0.0,0.0,0.0,0.0,0.0,0.0,0.0,0.0,0.0,0.0,0.0,0.0,0.0,0.0,0.0,0.0,3.17E-8,0.0,0.0,1.8E-9,0.0,0.0
"Manganese [kg]","water / unspecified",0.0,0.0,0.0,0.0,0.0,0.0,0.0,0.0,0.0,4.56666666666667E-5,0.0,0.0,0.0,0.0,0.0,0.0,0.0,0.0,0.0,0.0,3.22E-6,0.0,0.0,1.42E-7,0.0,0.0
"Titanium, ion [kg]","water / unspecified",0.0,0.0,0.0,0.0,0.0,0.0,0.0,0.0,0.0,0.0,0.0,0.0,0.0,0.0,0.0,0.0,0.0,0.0,0.0,0.0,5.48E-7,0.0,0.0,2.23E-7,0.0,0.0
"Toluene [kg]","water / unspecified",0.0,0.0,0.0,0.0,0.0,0.0,0.0,0.0,0.0,0.0,0.0,0.0,0.0,0.0,0.0,0.0,0.0,0.0,0.0,0.0,5.02E-6,0.0,0.0,2.4E-7,0.0,0.0
"Silver [kg]","water / unspecified",0.0,0.0,0.0,0.0,0.0,0.0,0.0,0.0,0.0,0.0,0.0,0.0,0.0,0.0,0.0,0.0,0.0,0.0,0.0,0.0,6.64E-6,0.0,0.0,3.02E-7,0.0,0.0
"m-Xylene [kg]","water / unspecified",0.0,0.0,0.0,0.0,0.0,0.0,0.0,0.0,0.0,0.0,0.0,0.0,0.0,0.0,0.0,0.0,0.0,0.0,0.0,0.0,9.6E-8,0.0,0.0,7.52E-9,0.0,0.0
"Lithium, ion [kg]","water / unspecified",0.0,0.0,0.0,0.0,0.0,0.0,0.0,0.0,0.0,0.0,0.0,0.0,0.0,0.0,0.0,0.0,0.0,0.0,0.0,0.0,0.0034,0.0,0.0,1.5E-4,0.0,0.0
"Benzene, ethyl- [kg]","water / unspecified",0.0,0.0,0.0,0.0,0.0,0.0,0.0,0.0,0.0,0.0,0.0,0.0,0.0,0.0,0.0,0.0,0.0,0.0,0.0,0.0,2.99E-7,0.0,0.0,1.46E-8,0.0,0.0
"Octadecane [kg]","water / unspecified",0.0,0.0,0.0,0.0,0.0,0.0,0.0,0.0,0.0,0.0,0.0,0.0,0.0,0.0,0.0,0.0,0.0,0.0,0.0,0.0,4.72E-8,0.0,0.0,3.8E-9,0.0,0.0
"Dibenzofuran [kg]","water / unspecified",0.0,0.0,0.0,0.0,0.0,0.0,0.0,0.0,0.0,0.0,0.0,0.0,0.0,0.0,0.0,0.0,0.0,0.0,0.0,0.0,6.02E-10,0.0,0.0,3.33E-11,0.0,0.0
"Sulfur [kg]","water / unspecified",0.0,0.0,0.0,0.0,0.0,0.0,0.0,0.0,0.0,0.0,0.0,0.0,0.0,0.0,0.0,0.0,0.0,0.0,0.0,0.0,8.39E-6,0.0,0.0,6.48E-7,0.0,0.0
"Phenol, 2,4-dimethyl- [kg]","water / unspecified",0.0,0.0,0.0,0.0,0.0,0.0,0.0,0.0,0.0,0.0,0.0,0.0,0.0,0.0,0.0,0.0,0.0,0.0,0.0,0.0,8.87E-8,0.0,0.0,7.13E-9,0.0,0.0
"Dissolved solids [kg]","water / unspecified",0.0,0.0,0.0,0.0,0.0,0.0,0.0,0.0,0.0,0.0,0.0,0.0,0.0,0.0,0.0,0.0,0.0,0.0,0.0,0.0,0.141,0.0,0.0,0.00623,0.0,0.0
"Fluorenes, alkylated, unspecified [kg]","water / unspecified",0.0,0.0,0.0,0.0,0.0,0.0,0.0,0.0,0.0,0.0,0.0,0.0,0.0,0.0,0.0,0.0,0.0,0.0,0.0,0.0,1.81E-9,0.0,0.0,2.74E-9,0.0,0.0
"Cobalt [kg]","water / unspecified",0.0,0.0,0.0,0.0,0.0,0.0,0.0,0.0,0.0,0.0,0.0,0.0,0.0,0.0,0.0,0.0,0.0,0.0,0.0,0.0,7.02E-8,0.0,0.0,5.64E-9,0.0,0.0
"Tetradecane [kg]","water / unspecified",0.0,0.0,0.0,0.0,0.0,0.0,0.0,0.0,0.0,0.0,0.0,0.0,0.0,0.0,0.0,0.0,0.0,0.0,0.0,0.0,7.68E-8,0.0,0.0,6.04E-9,0.0,0.0
"Cadmium, ion [kg]","water / unspecified",0.0,0.0,0.0,0.0,0.0,0.0,0.0,0.0,0.0,1.98666666666667E-7,0.0,0.0,0.0,0.0,0.0,0.0,0.0,0.0,0.0,0.0,1.02E-7,0.0,0.0,7.31E-9,0.0,0.0
"Selenium [kg]","water / unspecified",0.0,0.0,0.0,0.0,0.0,0.0,0.0,0.0,0.0,0.0,0.0,0.0,0.0,0.0,0.0,0.0,0.0,0.0,0.0,0.0,7.04E-9,0.0,0.0,2.81E-9,0.0,0.0
"Radium-228/kg [kg]","water / unspecified",0.0,0.0,0.0,0.0,0.0,0.0,0.0,0.0,0.0,0.0,0.0,0.0,0.0,0.0,0.0,0.0,0.0,0.0,0.0,0.0,5.86E-16,0.0,0.0,4.71E-17,0.0,0.0
"Hexacosane [kg]","water / unspecified",0.0,0.0,0.0,0.0,0.0,0.0,0.0,0.0,0.0,0.0,0.0,0.0,0.0,0.0,0.0,0.0,0.0,0.0,0.0,0.0,2.12E-9,0.0,0.0,1.17E-10,0.0,0.0
"2-Hexanone [kg]","water / unspecified",0.0,0.0,0.0,0.0,0.0,0.0,0.0,0.0,0.0,0.0,0.0,0.0,0.0,0.0,0.0,0.0,0.0,0.0,0.0,0.0,2.07E-8,0.0,0.0,1.7E-9,0.0,0.0
"Thallium [kg]","water / unspecified",0.0,0.0,0.0,0.0,0.0,0.0,0.0,0.0,0.0,0.0,0.0,0.0,0.0,0.0,0.0,0.0,0.0,0.0,0.0,0.0,7.53E-9,0.0,0.0,3.05E-9,0.0,0.0
"Magnesium [kg]","water / unspecified",0.0,0.0,0.0,0.0,0.0,0.0,0.0,0.0,0.0,0.0,0.0,0.0,0.0,0.0,0.0,0.0,0.0,0.0,0.0,0.0,0.00199,0.0,0.0,1.01E-4,0.0,0.0
"Barium [kg]","water / unspecified",0.0,0.0,0.0,0.0,0.0,0.0,0.0,0.0,0.0,0.0,0.0,0.0,0.0,0.0,0.0,0.0,0.0,0.0,0.0,0.0,9.02E-4,0.0,0.0,3.1E-4,0.0,0.0
"Phenanthrene [kg]","water / unspecified",0.0,0.0,0.0,0.0,0.0,0.0,0.0,0.0,0.0,0.0,0.0,0.0,0.0,0.0,0.0,0.0,0.0,0.0,0.0,0.0,4.06E-10,0.0,0.0,2.04E-10,0.0,0.0
"Cyanide [kg]","water / unspecified",0.0,0.0,0.0,0.0,0.0,0.0,0.0,0.0,0.0,9.0E-7,0.0,0.0,0.0,0.0,0.0,0.0,0.0,0.0,0.0,0.0,2.29E-10,0.0,0.0,1.27E-11,0.0,0.0
"BOD5, Biological Oxygen Demand [kg]","water / unspecified",0.0,0.0,0.0,0.0,0.0,0.0,0.0,0.0,0.0,0.00111333333333333,0.0,0.0,0.0,0.0,0.0,0.0,0.0,0.0,0.0,0.0,5.52E-4,0.0,0.0,2.43E-5,0.0,0.0
"Ammonia [kg]","water / unspecified",0.0,0.0,0.0,0.0,0.0,0.0,0.0,0.0,0.0,0.0,0.0,0.0,0.0,0.0,0.0,0.0,0.0,0.0,0.0,0.0,3.91E-5,0.0,0.0,2.5E-6,0.0,0.0
"Tin [kg]","water / unspecified",0.0,0.0,0.0,0.0,0.0,0.0,0.0,0.0,0.0,0.0,0.0,0.0,0.0,0.0,0.0,0.0,0.0,0.0,0.0,0.0,3.49E-7,0.0,0.0,5.78E-8,0.0,0.0
"Calcium, ion [kg]","water / unspecified",0.0,0.0,0.0,0.0,0.0,0.0,0.0,0.0,0.0,0.0,0.0,0.0,0.0,0.0,0.0,0.0,0.0,0.0,0.0,0.0,0.0102,0.0,0.0,5.04E-4,0.0,0.0
"Detergents, oil [kg]","water / unspecified",0.0,0.0,0.0,0.0,0.0,0.0,0.0,0.0,0.0,0.0,0.0,0.0,0.0,0.0,0.0,0.0,0.0,0.0,0.0,0.0,3.16E-6,0.0,0.0,0.0,0.0,0.0
"Strontium [kg]","water / unspecified",0.0,0.0,0.0,0.0,0.0,0.0,0.0,0.0,0.0,0.0,0.0,0.0,0.0,0.0,0.0,0.0,0.0,0.0,0.0,0.0,1.73E-4,0.0,0.0,1.39E-5,0.0,0.0
"Biphenyl [kg]","water / unspecified",0.0,0.0,0.0,0.0,0.0,0.0,0.0,0.0,0.0,0.0,0.0,0.0,0.0,0.0,0.0,0.0,0.0,0.0,0.0,0.0,2.02E-9,0.0,0.0,3.06E-9,0.0,0.0
"Naphthalene, 2-methyl- [kg]","water / unspecified",0.0,0.0,0.0,0.0,0.0,0.0,0.0,0.0,0.0,0.0,0.0,0.0,0.0,0.0,0.0,0.0,0.0,0.0,0.0,0.0,5.02E-8,0.0,0.0,3.94E-9,0.0,0.0
"Beryllium [kg]","water / unspecified",0.0,0.0,0.0,0.0,0.0,0.0,0.0,0.0,0.0,0.0,0.0,0.0,0.0,0.0,0.0,0.0,0.0,0.0,0.0,0.0,3.17E-8,0.0,0.0,2.99E-9,0.0,0.0
"Benzoic acid [kg]","water / unspecified",0.0,0.0,0.0,0.0,0.0,0.0,0.0,0.0,0.0,0.0,0.0,0.0,0.0,0.0,0.0,0.0,0.0,0.0,0.0,0.0,3.21E-6,0.0,0.0,2.58E-7,0.0,0.0
"Zinc [kg]","water / unspecified",0.0,0.0,0.0,0.0,0.0,0.0,0.0,0.0,0.0,0.0,0.0,0.0,0.0,0.0,0.0,0.0,0.0,0.0,0.0,0.0,1.56E-6,0.0,0.0,5.26E-7,0.0,0.0
"Nickel [kg]","water / unspecified",0.0,0.0,0.0,0.0,0.0,0.0,0.0,0.0,0.0,0.0,0.0,0.0,0.0,0.0,0.0,0.0,0.0,0.0,0.0,0.0,5.54E-7,0.0,0.0,5.78E-8,0.0,0.0
"Methyl ethyl ketone [kg]","water / unspecified",0.0,0.0,0.0,0.0,0.0,0.0,0.0,0.0,0.0,0.0,0.0,0.0,0.0,0.0,0.0,0.0,0.0,0.0,0.0,0.0,2.55E-10,0.0,0.0,1.41E-11,0.0,0.0
"Yttrium [kg]","water / unspecified",0.0,0.0,0.0,0.0,0.0,0.0,0.0,0.0,0.0,0.0,0.0,0.0,0.0,0.0,0.0,0.0,0.0,0.0,0.0,0.0,2.13E-8,0.0,0.0,1.71E-9,0.0,0.0
"Phenanthrenes, alkylated, unspecified [kg]","water / unspecified",0.0,0.0,0.0,0.0,0.0,0.0,0.0,0.0,0.0,0.0,0.0,0.0,0.0,0.0,0.0,0.0,0.0,0.0,0.0,0.0,2.12E-10,0.0,0.0,3.21E-10,0.0,0.0
"Xylene [kg]","water / unspecified",0.0,0.0,0.0,0.0,0.0,0.0,0.0,0.0,0.0,0.0,0.0,0.0,0.0,0.0,0.0,0.0,0.0,0.0,0.0,0.0,2.6098999999999998E-6,0.0,0.0,1.12E-7,0.0,0.0
"Bromide [kg]","water / unspecified",0.0,0.0,0.0,0.0,0.0,0.0,0.0,0.0,0.0,0.0,0.0,0.0,0.0,0.0,0.0,0.0,0.0,0.0,0.0,0.0,6.79E-4,0.0,0.0,3.0E-5,0.0,0.0
"Hexanoic acid [kg]","water / unspecified",0.0,0.0,0.0,0.0,0.0,0.0,0.0,0.0,0.0,0.0,0.0,0.0,0.0,0.0,0.0,0.0,0.0,0.0,0.0,0.0,6.66E-7,0.0,0.0,5.35E-8,0.0,0.0
"Sodium, ion [kg]","water / unspecified",0.0,0.0,0.0,0.0,0.0,0.0,0.0,0.0,0.0,0.0,0.0,0.0,0.0,0.0,0.0,0.0,0.0,0.0,0.0,0.0,0.0323,0.0,0.0,0.00143,0.0,0.0
"Vanadium [kg]","water / unspecified",0.0,0.0,0.0,0.0,0.0,0.0,0.0,0.0,0.0,0.0,0.0,0.0,0.0,0.0,0.0,0.0,0.0,0.0,0.0,0.0,8.6E-8,0.0,0.0,6.79E-9,0.0,0.0
"Decane [kg]","water / unspecified",0.0,0.0,0.0,0.0,0.0,0.0,0.0,0.0,0.0,0.0,0.0,0.0,0.0,0.0,0.0,0.0,0.0,0.0,0.0,0.0,9.23E-8,0.0,0.0,7.39E-9,0.0,0.0
"Aluminium [kg]","water / unspecified",0.0,0.0,0.0,0.0,0.0,0.0,0.0,0.0,0.0,1.70666666666667E-4,0.0,0.0,0.0,0.0,0.0,0.0,0.0,0.0,0.0,0.0,5.84E-5,0.0,0.0,2.3E-5,0.0,0.0
"Benzene, 1-methyl-4-(1-methylethyl)- [kg]","water / unspecified",0.0,0.0,0.0,0.0,0.0,0.0,0.0,0.0,0.0,0.0,0.0,0.0,0.0,0.0,0.0,0.0,0.0,0.0,0.0,0.0,3.17E-10,0.0,0.0,1.75E-11,0.0,0.0
"Antimony [kg]","water / unspecified",0.0,0.0,0.0,0.0,0.0,0.0,0.0,0.0,0.0,0.0,0.0,0.0,0.0,0.0,0.0,0.0,0.0,0.0,0.0,0.0,3.56E-8,0.0,0.0,1.4E-8,0.0,0.0
"Benzene, pentamethyl- [kg]","water / unspecified",0.0,0.0,0.0,0.0,0.0,0.0,0.0,0.0,0.0,0.0,0.0,0.0,0.0,0.0,0.0,0.0,0.0,0.0,0.0,0.0,2.37E-10,0.0,0.0,1.31E-11,0.0,0.0
"Icosane [kg]","water / unspecified",0.0,0.0,0.0,0.0,0.0,0.0,0.0,0.0,0.0,0.0,0.0,0.0,0.0,0.0,0.0,0.0,0.0,0.0,0.0,0.0,4.82E-8,0.0,0.0,3.85E-9,0.0,0.0
"Methane [kg]","air / unspecified",0.0,0.0,0.0,0.0,0.0,0.0,0.0,0.0,0.0,0.0233333333333333,0.0,0.0,0.0,0.0,0.0,0.0,0.0,0.0,0.0,0.0,0.00881,0.0,0.0,0.0034,0.0,0.0
"Lead-210/kg [kg]","water / unspecified",0.0,0.0,0.0,0.0,0.0,0.0,0.0,0.0,0.0,0.0,0.0,0.0,0.0,0.0,0.0,0.0,0.0,0.0,0.0,0.0,3.29E-16,0.0,0.0,2.65E-17,0.0,0.0
"Naphthalenes, alkylated, unspecified [kg]","water / unspecified",0.0,0.0,0.0,0.0,0.0,0.0,0.0,0.0,0.0,0.0,0.0,0.0,0.0,0.0,0.0,0.0,0.0,0.0,0.0,0.0,5.1E-10,0.0,0.0,7.74E-10,0.0,0.0
"Phenols, unspecified [kg]","water / unspecified",0.0,0.0,0.0,0.0,0.0,0.0,0.0,0.0,0.0,0.0,0.0,0.0,0.0,0.0,0.0,0.0,0.0,0.0,0.0,0.0,1.42E-6,0.0,0.0,7.4E-8,0.0,0.0
"Fluorine [kg]","water / unspecified",0.0,0.0,0.0,0.0,0.0,0.0,0.0,0.0,0.0,0.0,0.0,0.0,0.0,0.0,0.0,0.0,0.0,0.0,0.0,0.0,1.11E-9,0.0,0.0,0.0,0.0,0.0
"Metals, unspecified [kg]","water / unspecified",0.0,0.0,0.0,0.0,0.0,0.0,0.0,0.0,0.0,5.76E-5,0.0,0.0,0.0,0.0,0.0,0.0,0.0,0.0,0.0,0.0,0.0,0.0,0.0,0.0,0.0,0.0
"Molybdenum [kg]","resource / in ground",0.0,0.0,0.0,0.0,0.0,0.0,0.0,0.0,0.0,-0.666666666666666,0.0,0.0,0.0,0.0,0.0,0.0,0.0,0.0,0.0,0.0,0.0,0.0,0.0,0.0,0.0,0.0
"Hydrocarbons, unspecified [kg]","air / unspecified",0.0,0.0,0.0,0.0,0.0,0.0,0.0,0.0,0.0,0.00813333333333333,0.0,0.0,0.0,0.0,0.0,0.0,0.0,0.0,0.0,0.0,0.0,0.0,0.0,0.0,0.0,0.0
"Oil, crude, in ground [kg]","resource / in ground",0.0,0.0,0.0,0.0,0.0,0.0,0.0,0.0,0.0,-1.17333333333333,0.0,0.0,0.0,0.0,0.0,0.0,0.0,0.0,0.0,0.0,0.0,0.0,0.0,0.0,0.0,0.0
"Uranium, in ground [kg]","resource / in ground",0.0,0.0,0.0,0.0,0.0,0.0,0.0,0.0,0.0,-6.51999999999999E-4,0.0,0.0,0.0,0.0,0.0,0.0,0.0,0.0,0.0,0.0,0.0,0.0,0.0,0.0,0.0,0.0
"Gas, natural, in ground [m3]","resource / in ground",0.0,0.0,0.0,0.0,0.0,0.0,0.0,0.0,0.0,-1.9794584500466808,0.0,0.0,0.0,0.0,0.0,0.0,0.0,0.0,0.0,0.0,0.0,0.0,0.0,0.0,0.0,0.0
"Water, unspecified origin [m3]","resource / in water",0.0,0.0,0.0,0.0,0.0,0.0,0.0,0.0,0.0,-0.173999999999999,0.0,0.0,0.0,0.0,0.0,0.0,0.0,0.0,0.0,0.0,0.0,0.0,0.0,0.0,0.0,0.0
"Ammonia [kg]","air / unspecified",0.0,0.0,0.0,0.0,0.0,0.0,0.0,0.0,0.0,0.0192,0.0,0.0,0.0,0.0,0.0,0.0,0.0,0.0,0.0,0.0,0.0,0.0,0.0,0.0,0.0,0.0
"Limestone, in ground [kg]","resource / in ground",0.0,0.0,0.0,0.0,0.0,0.0,0.0,0.0,0.0,-0.629999999999999,0.0,0.0,0.0,0.0,0.0,0.0,0.0,0.0,0.0,0.0,0.0,0.0,0.0,0.0,0.0,0.0
"Coal, hard, unspecified, in ground [kg]","resource / in ground",0.0,0.0,0.0,0.0,0.0,0.0,0.0,0.0,0.0,-1.54666666666666,0.0,0.0,0.0,0.0,0.0,0.0,0.0,0.0,0.0,0.0,0.0,0.0,0.0,0.0,0.0,0.0
"Iron ore, in ground [kg]","resource / in ground",0.0,0.0,0.0,0.0,0.0,0.0,0.0,0.0,0.0,-6.05333333333333E-4,0.0,0.0,0.0,0.0,0.0,0.0,0.0,0.0,0.0,0.0,0.0,0.0,0.0,0.0,0.0,0.0
"Nitrate [kg]","water / unspecified",0.0,0.0,0.0,0.0,0.0,0.0,0.0,0.0,0.0,0.00254,0.0,0.0,0.0,0.0,0.0,0.0,0.0,0.0,0.0,0.0,0.0,0.0,0.0,0.0,0.0,0.0
"Particulates, unspecified [kg]","air / unspecified",0.0,0.0,0.0,0.0,0.0,0.0,0.0,0.0,0.0,0.0518666666666667,0.0,0.0,0.0,0.0,0.0,0.0,0.0,0.0,0.0,0.0,0.0,0.0,0.0,0.0,0.0,0.0
"industrial waste (unspecified) [kg]","Wastes / Production residues",0.0,0.0,0.0,0.0,0.0,0.0,0.0,0.0,0.0,7.0,0.0,0.0,0.0,0.0,0.0,0.0,0.0,0.0,0.0,0.0,0.0,0.0,0.0,0.0,0.0,0.0
"Nickel, ion [kg]","water / unspecified",0.0,0.0,0.0,0.0,0.0,0.0,0.0,0.0,0.0,2.03333333333333E-6,0.0,0.0,0.0,0.0,0.0,0.0,0.0,0.0,0.0,0.0,0.0,0.0,0.0,0.0,0.0,0.0
"tailings (unspecified) [kg]","Wastes / Mining waste",0.0,0.0,0.0,0.0,0.0,0.0,0.0,0.0,0.0,342.666666666667,0.0,0.0,0.0,0.0,0.0,0.0,0.0,0.0,0.0,0.0,0.0,0.0,0.0,0.0,0.0,0.0
"PAH, polycyclic aromatic hydrocarbons [kg]","water / unspecified",0.0,0.0,0.0,0.0,0.0,0.0,0.0,0.0,0.0,1.24E-8,0.0,0.0,0.0,0.0,0.0,0.0,0.0,0.0,0.0,0.0,0.0,0.0,0.0,0.0,0.0,0.0
"mineral treatment residue (unspecified) [kg]","Wastes / Mining waste",0.0,0.0,0.0,0.0,0.0,0.0,0.0,0.0,0.0,402.0,0.0,0.0,0.0,0.0,0.0,0.0,0.0,0.0,0.0,0.0,0.0,0.0,0.0,0.0,0.0,0.0
"Molybdenum [kg]","air / unspecified",0.0,0.0,0.0,0.0,0.0,0.0,0.0,0.0,0.0,3.38E-4,0.0,0.0,0.0,0.0,0.0,0.0,0.0,0.0,0.0,0.0,0.0,0.0,0.0,0.0,0.0,0.0
"Hydrogen sulfide [kg]","air / unspecified",0.0,0.0,0.0,0.0,0.0,0.0,0.0,0.0,0.0,1.37333333333333E-5,0.0,0.0,0.0,0.0,0.0,0.0,0.0,0.0,0.0,0.0,0.0,0.0,0.0,0.0,0.0,0.0
"Silicon dioxide (silica) [kg]","water / unspecified",0.0,0.0,0.0,0.0,0.0,0.0,0.0,0.0,0.0,6.26666666666667E-10,0.0,0.0,0.0,0.0,0.0,0.0,0.0,0.0,0.0,0.0,0.0,0.0,0.0,0.0,0.0,0.0
"Fluoride [kg]","water / unspecified",0.0,0.0,0.0,0.0,0.0,0.0,0.0,0.0,0.0,1.11333333333333E-4,0.0,0.0,0.0,0.0,0.0,0.0,0.0,0.0,0.0,0.0,0.0,0.0,0.0,0.0,0.0,0.0
"Iron, ion [kg]","water / unspecified",0.0,0.0,0.0,0.0,0.0,0.0,0.0,0.0,0.0,3.0E-4,0.0,0.0,0.0,0.0,0.0,0.0,0.0,0.0,0.0,0.0,0.0,0.0,0.0,0.0,0.0,0.0
"Phosphate [kg]","water / unspecified",0.0,0.0,0.0,0.0,0.0,0.0,0.0,0.0,0.0,1.56E-5,0.0,0.0,0.0,0.0,0.0,0.0,0.0,0.0,0.0,0.0,0.0,0.0,0.0,0.0,0.0,0.0
"Zinc, ion [kg]","water / unspecified",0.0,0.0,0.0,0.0,0.0,0.0,0.0,0.0,0.0,3.46666666666667E-6,0.0,0.0,0.0,0.0,0.0,0.0,0.0,0.0,0.0,0.0,0.0,0.0,0.0,0.0,0.0,0.0
"Ammonia, as N [kg]","water / unspecified",0.0,0.0,0.0,0.0,0.0,0.0,0.0,0.0,0.0,0.0906666666666667,0.0,0.0,0.0,0.0,0.0,0.0,0.0,0.0,0.0,0.0,0.0,0.0,0.0,0.0,0.0,0.0
"Hydrogen cyanide [kg]","air / low population density, long-term",0.0,0.0,0.0,0.0,0.0,0.0,0.0,0.0,0.0,6.86666666666667E-7,0.0,0.0,0.0,0.0,0.0,0.0,0.0,0.0,0.0,0.0,0.0,0.0,0.0,0.0,0.0,0.0
"Metals, unspecified [kg]","air / unspecified",0.0,0.0,0.0,0.0,0.0,0.0,0.0,0.0,0.0,2.88E-5,0.0,0.0,0.0,0.0,0.0,0.0,0.0,0.0,0.0,0.0,0.0,0.0,0.0,0.0,0.0,0.0
"Chromium VI [kg]","water / unspecified",0.0,0.0,0.0,0.0,0.0,0.0,0.0,0.0,0.0,3.33333333333333E-6,0.0,0.0,0.0,0.0,0.0,0.0,0.0,0.0,0.0,0.0,0.0,0.0,0.0,0.0,0.0,0.0
"Gasoline, combusted in equipment [m3]","",0.0,0.0,0.0,0.0,0.0,0.0,0.0,0.0,0.0,0.0,0.0,0.0,0.0,0.0,0.0,0.0,0.0,0.0,0.0,1.0E-6,0.0,0.0,0.0,0.0,0.0,0.0
"Propene [kg]","air / unspecified",0.0,0.0,0.0,0.0,0.0,0.0,0.0,0.0,0.0,0.0,0.0,0.0,0.0,0.0,0.0,0.0,0.0,0.0,0.0,3.8644E-5,0.0,0.0,0.0,0.0,0.0,0.0
"Butadiene [kg]","air / unspecified",0.0,0.0,0.0,0.0,0.0,0.0,0.0,0.0,0.0,0.0,0.0,0.0,0.0,0.0,0.0,0.0,0.0,0.0,0.0,5.8565E-7,0.0,0.0,0.0,0.0,0.0,0.0
"Acetaldehyde [kg]","air / unspecified",0.0,0.0,0.0,0.0,0.0,0.0,0.0,0.0,0.0,0.0,0.0,0.0,0.0,0.0,0.0,0.0,0.0,0.0,0.0,1.1488E-5,0.0,0.0,0.0,0.0,0.0,0.0
"PAH, polycyclic aromatic hydrocarbons [kg]","air / unspecified",0.0,0.0,0.0,0.0,0.0,0.0,0.0,0.0,0.0,0.0,0.0,0.0,0.0,0.0,0.0,0.0,0.0,0.0,0.0,2.5164E-6,0.0,0.0,0.0,0.0,0.0,0.0
"gasoline, at refinery [m3]","",0.0,0.0,0.0,0.0,0.0,0.0,0.0,0.0,0.0,0.0,0.0,0.0,0.0,0.0,0.0,0.0,0.0,0.0,0.0,-1.0E-6,0.0,0.0,0.0,0.0,0.0,0.0
"Surfactants, unspecified [kg]","water / unspecified",0.0,0.0,0.0,0.0,0.0,0.0,0.0,0.0,0.0,0.0,0.0,0.0,0.0,0.0,0.0,0.0,0.0,0.0,0.0,0.0,0.0,0.0,0.0,1.24E-7,0.0,0.0
"Chromium [kg]","water / unspecified",0.0,0.0,0.0,0.0,0.0,0.0,0.0,0.0,0.0,0.0,0.0,0.0,0.0,0.0,0.0,0.0,0.0,0.0,0.0,0.0,0.0,0.0,0.0,6.19E-7,0.0,0.0
"Fluorene [kg]","water / unspecified",0.0,0.0,0.0,0.0,0.0,0.0,0.0,0.0,0.0,0.0,0.0,0.0,0.0,0.0,0.0,0.0,0.0,0.0,0.0,0.0,0.0,0.0,0.0,1.28E-9,0.0,0.0
"Gas, natural, 49.8 MJ per kg, in ground [kg]","resource / fossil-",0.0,0.0,0.0,0.0,0.0,0.0,0.0,0.0,0.0,0.0,0.0,0.0,0.0,0.0,0.0,0.0,0.0,0.0,0.0,0.0,0.0,0.0,0.0,-1.04,0.0,0.0
"p-Xylene [kg]","water / unspecified",0.0,0.0,0.0,0.0,0.0,0.0,0.0,0.0,0.0,0.0,0.0,0.0,0.0,0.0,0.0,0.0,0.0,0.0,0.0,0.0,0.0,0.0,0.0,2.76E-9,0.0,0.0
"o-Xylene [kg]","water / unspecified",0.0,0.0,0.0,0.0,0.0,0.0,0.0,0.0,0.0,0.0,0.0,0.0,0.0,0.0,0.0,0.0,0.0,0.0,0.0,0.0,0.0,0.0,0.0,2.76E-9,0.0,0.0
"Copper [kg]","water / unspecified",0.0,0.0,0.0,0.0,0.0,0.0,0.0,0.0,0.0,0.0,0.0,0.0,0.0,0.0,0.0,0.0,0.0,0.0,0.0,0.0,0.0,0.0,0.0,6.72E-8,0.0,0.0
"4-Methyl-2-pentanone [kg]","water / unspecified",0.0,0.0,0.0,0.0,0.0,0.0,0.0,0.0,0.0,0.0,0.0,0.0,0.0,0.0,0.0,0.0,0.0,0.0,0.0,0.0,0.0,0.0,0.0,7.4E-10,0.0,0.0
"Dummy_Disposal, solid waste, unspecified, to sanitary landfill [kg]","",0.0,0.0,0.0,0.0,0.0,0.0,0.0,0.0,0.0,0.0,0.0,0.0,0.0,0.0,0.0,0.0,0.0,0.0,0.0,0.0,0.0,0.0,0.0,-0.0247,0.0,0.0
"Natural gas, combusted in industrial equipment [m3]","",0.0,0.0,0.0,0.0,0.0,0.0,0.0,0.0,0.0,0.0,0.0,0.0,0.0,0.0,-0.0121378329004437,0.0,0.0,0.0,0.0,0.0,0.0,0.0,0.0,0.0,0.0,0.0
