,,"Cured Graphite Paint, 1 m2, 1 micron [Item(s)]","de-ionised water [kg]","Conductive Graphite Paint [kg]","Electricity, at grid, US, 2000 [kWh]","Natural Graphite, Asia [kg]","Ammonia, steam reforming, liquid, at plant [kg]","Gasoline, combusted in equipment [m3]","Natural gas, combusted in industrial boiler [m3]","Diesel, combusted in industrial boiler [m3]","Transport, combination truck, average fuel mix [t*km]","Natural gas, processed, for olefins production, at plant [kg]","Electricity, at grid, US, 2008 [kWh]","Transport, pipeline, natural gas [t*km]","Transport, barge, average fuel mix [t*km]","transport, train, diesel powered [t*km]","Natural gas, processed, at plant [m3]","transport, combination truck, diesel powered [t*km]","Natural gas, extracted [kg]","transport, barge, diesel powered [t*km]","Transport, barge, residual fuel oil powered [t*km]","Natural gas, at extraction site [m3]"
,,"","Materials production / Water","","","","","","","","","","","","","","","","","","",""
"Methane, fossil [kg]","air / unspecified",0.0,0.0,0.0,0.0,0.0,0.0,9.2063E-4,3.6E-5,6.1E-6,0.0,0.0019,0.0,0.00456686387489079,0.0,9.0485E-7,0.00138,1.2883E-6,0.0,6.4861E-7,6.4329E-7,0.0
"NMVOC, non-methane volatile organic compounds, unspecified origin [kg]","air / unspecified",0.0,5.417237647643124E-7,0.0,0.0,0.0,0.0,0.0,0.0,0.0,0.0,0.0,0.0,0.0,0.0,1.8466E-5,0.0,0.0,0.0,0.0,0.0,0.0
"Carbon dioxide, fossil [kg]","air / unspecified",0.0,0.0,0.0,0.0,0.0,0.097,2.085,1.96,2.73,0.0,0.053,0.0,1.38468984764995E-4,0.0,0.018949,0.0,0.079876,0.017,0.028149,0.028712,0.0
"Nitrogen oxides [kg]","air / unspecified",0.0,0.0,0.0,0.0,0.0,0.0,0.033472,0.0016,0.00287,0.0,0.0,0.0,0.0,0.0,4.9859E-4,0.0,5.3228E-4,0.0,3.5753E-4,3.546E-4,0.0
"Sulfur oxides [kg]","air / unspecified",0.0,0.0,0.0,0.0,0.0,0.0,5.0092E-4,1.01E-5,5.99E-4,0.0,0.0,0.0,0.0,0.0,4.1881E-6,0.0,1.759E-5,0.0,6.1985E-6,9.0312E-5,0.0
"Dinitrogen monoxide [kg]","air / unspecified",0.0,2.6769192496663043E-7,0.0,0.0,0.0,0.0,6.0969E-5,3.6E-5,1.32E-5,0.0,0.0,0.0,0.0,0.0,4.7458E-7,0.0,1.9932E-6,0.0,0.0,6.9662E-7,0.0
"Diesel, at refinery [m3]","",0.0,0.0,0.0,0.0,0.0,0.0,0.0,0.0,-1.0E-6,0.0,0.0,0.0,0.0,0.0,-6.482E-9,0.0,-2.7224000000000003E-8,0.0,-9.593300000000002E-9,0.0,0.0
"Particulates, > 2.5 um, and < 10um [kg]","air / unspecified",0.0,4.7028943462030464E-7,0.0,0.0,0.0,0.0,2.6521E-4,1.21E-4,1.2E-4,0.0,0.0,0.0,0.0,0.0,1.2372E-5,0.0,9.1907E-6,0.0,8.8651E-6,8.7924E-6,0.0
"Carbon monoxide, fossil [kg]","air / unspecified",0.0,0.0,0.0,0.0,0.0,0.0,0.13535,0.00135,6.0E-4,0.0,0.0,0.0,0.0,0.0,4.912E-5,0.0,1.2696E-4,0.0,3.5254E-5,3.4965E-5,0.0
"Lead [kg]","air / unspecified",0.0,5.461825666973455E-10,0.0,0.0,0.0,0.0,0.0,8.01E-9,1.5E-7,0.0,0.0,0.0,0.0,0.0,0.0,0.0,0.0,0.0,0.0,0.0,0.0
"Dioxins, measured as 2,3,7,8-tetrachlorodibenzo-p-dioxin [kg]","air / unspecified",0.0,8.841227862356525E-16,0.0,0.0,0.0,0.0,0.0,0.0,1.66E-12,0.0,0.0,0.0,0.0,0.0,0.0,0.0,0.0,0.0,0.0,0.0,0.0
"Zinc [kg]","air / unspecified",0.0,1.2781028731422314E-9,0.0,0.0,0.0,0.0,0.0,0.0,6.65E-8,0.0,0.0,0.0,0.0,0.0,0.0,0.0,0.0,0.0,0.0,0.0,0.0
"Oils, unspecified [kg]","water / unspecified",0.0,0.0,0.0,0.0,0.0,0.0,0.0,0.0,5.33E-7,0.0,0.0,0.0,0.0,0.0,0.0,0.0,0.0,4.5E-6,0.0,0.0,6.09E-5
"Diesel, combusted in industrial boiler [m3]","",0.0,0.0,0.0,0.0,0.0,0.0,0.0,0.0,1.0E-6,0.0,0.0,0.0,0.0,0.0,0.0,0.0,0.0,0.0,0.0,0.0,0.0
"Arsenic [kg]","air / unspecified",0.0,1.937126923648246E-10,0.0,0.0,0.0,0.0,0.0,3.2E-9,6.65E-8,0.0,0.0,0.0,0.0,0.0,0.0,0.0,0.0,0.0,0.0,0.0,0.0
"Mercury [kg]","air / unspecified",0.0,1.5864866035305182E-10,0.0,0.0,0.0,0.0,0.0,4.16E-9,4.99E-8,0.0,0.0,0.0,0.0,0.0,0.0,0.0,0.0,0.0,0.0,0.0,0.0
"Cadmium [kg]","air / unspecified",0.0,3.027532437648522E-11,0.0,0.0,0.0,0.0,0.0,1.76E-8,4.99E-8,0.0,0.0,0.0,0.0,0.0,0.0,0.0,0.0,0.0,0.0,0.0,0.0
"Copper [kg]","air / unspecified",0.0,1.746931891590014E-10,0.0,0.0,0.0,0.0,0.0,0.0,9.97E-8,0.0,0.0,0.0,0.0,0.0,0.0,0.0,0.0,0.0,0.0,0.0,0.0
"Chromium [kg]","air / unspecified",0.0,1.1736192891651531E-10,0.0,0.0,0.0,0.0,0.0,2.24E-8,4.99E-8,0.0,0.0,0.0,0.0,0.0,0.0,0.0,0.0,0.0,0.0,0.0,0.0
"Beryllium [kg]","air / unspecified",0.0,4.249800950210188E-12,0.0,0.0,0.0,0.0,0.0,1.92E-10,4.99E-8,0.0,0.0,0.0,0.0,0.0,0.0,0.0,0.0,0.0,0.0,0.0,0.0
"Ethene, tetrachloro- [kg]","air / unspecified",0.0,0.0,0.0,0.0,0.0,0.0,0.0,0.0,9.14E-9,0.0,0.0,0.0,0.0,0.0,0.0,0.0,0.0,0.0,0.0,0.0,0.0
"Radioactive species, unspecified [kBq]","air / unspecified",0.0,0.0,0.0,0.0,0.0,0.0,0.0,0.00342,0.108,0.0,0.0,0.0,0.0,0.0,0.0,0.0,0.0,0.0,0.0,0.0,0.0
"Manganese [kg]","air / unspecified",0.0,3.9799158470016385E-10,0.0,0.0,0.0,0.0,0.0,6.09E-9,9.97E-8,0.0,0.0,0.0,0.0,0.0,0.0,0.0,0.0,0.0,0.0,0.0,0.0
"Methane, dichloro-, HCC-30 [kg]","air / unspecified",0.0,6.902405853574499E-18,0.0,0.0,0.0,0.0,0.0,0.0,5.36E-7,0.0,0.0,0.0,0.0,0.0,0.0,0.0,0.0,0.0,0.0,0.0,0.0
"Chloride [kg]","water / unspecified",0.0,0.0,0.0,0.0,0.0,0.0,0.0,0.0,7.11E-9,0.0,0.0,0.0,0.0,0.0,0.0,0.0,0.0,0.0063,0.0,0.0,0.114
"Iron [kg]","water / unspecified",0.0,0.0,0.0,0.0,0.0,0.0,0.0,0.0,3.56E-8,0.0,0.0,0.0,0.0,0.0,0.0,0.0,0.0,4.29E-5,0.0,0.0,1.84E-4
"Hydrogen chloride [kg]","air / unspecified",0.0,1.9800526994164277E-7,0.0,0.0,0.0,0.0,0.0,0.0,8.38E-5,0.0,0.0,0.0,0.0,0.0,0.0,0.0,0.0,0.0,0.0,0.0,0.0
"Dummy_Transport, pipeline, unspecified [t*km]","",0.0,0.0,0.0,0.0,0.0,0.0,-0.041307,-1.19,-0.0413,0.0,0.0,0.0,0.0,0.0,0.0,0.0,0.0,0.0,0.0,0.0,0.0
"VOC, volatile organic compounds [kg]","air / unspecified",0.0,2.321931433942019E-8,0.0,0.0,0.0,0.0,0.0028351,8.84E-5,2.41E-5,0.0,7.7E-4,0.0,0.0,0.0,0.0,5.66E-4,2.6292E-5,0.0,1.3237E-5,1.3128E-5,0.0
"Copper, ion [kg]","water / unspecified",0.0,0.0,0.0,0.0,0.0,0.0,0.0,0.0,3.56E-8,0.0,0.0,0.0,0.0,0.0,0.0,0.0,0.0,0.0,0.0,0.0,4.47E-7
"Nickel [kg]","air / unspecified",0.0,4.205047766247208E-10,0.0,0.0,0.0,0.0,0.0,3.36E-8,4.99E-8,0.0,0.0,0.0,0.0,0.0,0.0,0.0,0.0,0.0,0.0,0.0,0.0
"Phenols, unspecified [kg]","air / unspecified",0.0,0.0,0.0,0.0,0.0,0.0,0.0,0.0,4.04E-7,0.0,0.0,0.0,0.0,0.0,0.0,0.0,0.0,0.0,0.0,0.0,0.0
"Suspended solids, unspecified [kg]","water / unspecified",0.0,0.0,0.0,0.0,0.0,5.0E-5,0.0,0.0,1.07E-6,0.0,0.0,0.0,0.0,0.0,0.0,0.0,0.0,0.00256,0.0,0.0,0.00201
"Selenium [kg]","air / unspecified",0.0,6.035905788407684E-10,0.0,0.0,0.0,0.0,0.0,3.84E-10,2.49E-7,0.0,0.0,0.0,0.0,0.0,0.0,0.0,0.0,0.0,0.0,0.0,0.0
"Benzene [kg]","air / unspecified",0.0,4.787266017330809E-9,0.0,0.0,0.0,0.0,1.3975E-5,3.36E-8,0.0,0.0,9.6E-5,0.0,0.0,0.0,0.0,0.0,0.0,0.0,0.0,0.0,0.0
"Naphthalene [kg]","air / unspecified",0.0,5.069597291196938E-12,0.0,0.0,0.0,0.0,0.0,9.77E-9,0.0,0.0,0.0,0.0,0.0,0.0,0.0,0.0,0.0,0.0,0.0,0.0,0.0
"Formaldehyde [kg]","air / unspecified",0.0,1.4397973195982576E-8,0.0,0.0,0.0,0.0,1.7674E-5,1.2E-6,0.0,0.0,0.0,0.0,0.0,0.0,0.0,0.0,0.0,0.0,0.0,0.0,0.0
"Cobalt [kg]","air / unspecified",0.0,3.087071016820076E-11,0.0,0.0,0.0,0.0,0.0,1.35E-9,0.0,0.0,0.0,0.0,0.0,0.0,0.0,0.0,0.0,0.0,0.0,0.0,0.0
"waste water - untreated [kg]","End-of-life treatment / Waste water treatment",0.160250855,0.0,0.0,0.0,0.0,0.0,0.0,0.0,0.0,0.0,0.0,0.0,0.0,0.0,0.0,0.0,0.0,0.0,0.0,0.0,0.0
"Ammonia [kg]","air / unspecified",0.010970045,2.5836999776543264E-8,0.0,0.0,0.0,0.001,0.0,0.0,0.0,0.0,0.0,0.0,0.0,0.0,0.0,0.0,0.0,0.0,0.0,0.0,0.0
"Residual fuel oil, at refinery [m3]","",0.0,0.0,0.0,0.0,0.0,0.0,0.0,0.0,0.0,0.0,0.0,0.0,0.0,0.0,0.0,0.0,0.0,0.0,0.0,-8.8155E-9,0.0
"Electricity, bituminous coal, at power plant [kWh]","",0.0,0.0,0.0,-1.9620000000000002,0.0,0.0,0.0,0.0,0.0,0.0,0.0,-1.6649751068293641,0.0,0.0,0.0,0.0,0.0,0.0,0.0,0.0,0.0
"Electricity, nuclear, at power plant [kWh]","",0.0,0.0,0.0,-0.7776,0.0,0.0,0.0,0.0,0.0,0.0,0.0,-0.7045586711934948,0.0,0.0,0.0,0.0,0.0,0.0,0.0,0.0,0.0
"Dummy_Electricity, at wind power plant, unspecified [kWh]","",0.0,0.0,0.0,-0.00576,0.0,0.0,0.0,0.0,0.0,0.0,0.0,-0.04838271410354544,0.0,0.0,0.0,0.0,0.0,0.0,0.0,0.0,0.0
"Dummy_Electricity, biomass, liquid, unspecified, at power plant [kWh]","",0.0,0.0,0.0,0.0,0.0,0.0,0.0,0.0,0.0,0.0,0.0,-0.015219604476086892,0.0,0.0,0.0,0.0,0.0,0.0,0.0,0.0,0.0
"Dummy_Electricity, hydropower, at power plant, unspecified [kWh]","",0.0,0.0,0.0,-0.28008,0.0,0.0,0.0,0.0,0.0,0.0,0.0,-0.2172060547416702,0.0,0.0,0.0,0.0,0.0,0.0,0.0,0.0,0.0
"Dummy_Electricity, biomass, solid, unspecified, at power plant [kWh]","",0.0,0.0,0.0,0.0,0.0,0.0,0.0,0.0,0.0,0.0,0.0,-7.680708335029032E-4,0.0,0.0,0.0,0.0,0.0,0.0,0.0,0.0,0.0
"Dummy_Electricity, other fuels, unspecified, at power plant [kWh]","",0.0,0.0,0.0,0.0,0.0,0.0,0.0,0.0,0.0,0.0,0.0,-0.0035947650496524373,0.0,0.0,0.0,0.0,0.0,0.0,0.0,0.0,0.0
"Dummy_Electricity, other gases, unspecified,  at power plant [kWh]","",0.0,0.0,0.0,0.0,0.0,0.0,0.0,0.0,0.0,0.0,0.0,-0.010230829346202085,0.0,0.0,0.0,0.0,0.0,0.0,0.0,0.0,0.0
"Dummy_Electricity, biomass, solid, biogenic MSW, at power plant [kWh]","",0.0,0.0,0.0,0.0,0.0,0.0,0.0,0.0,0.0,0.0,0.0,-0.007075926316384705,0.0,0.0,0.0,0.0,0.0,0.0,0.0,0.0,0.0
"Electricity, Natural Gas, at power plant [kWh]","",0.0,0.0,0.0,-0.6228,0.0,0.0,0.0,0.0,0.0,0.0,0.0,-0.7716511147081897,0.0,0.0,0.0,0.0,0.0,0.0,0.0,0.0,0.0
"Dummy_Electricity, biomass, gas, unspecified, at power plant [kWh]","",0.0,0.0,0.0,0.0,0.0,0.0,0.0,0.0,0.0,0.0,0.0,-5.488556759333677E-4,0.0,0.0,0.0,0.0,0.0,0.0,0.0,0.0,0.0
"Dummy_Electricity, petroleum coke, at power plant [kWh]","",0.0,0.0,0.0,0.0,0.0,0.0,0.0,0.0,0.0,0.0,0.0,-0.012519006583352327,0.0,0.0,0.0,0.0,0.0,0.0,0.0,0.0,0.0
"Dummy_Electricity, biomass, gas, landfill, at power plant [kWh]","",0.0,0.0,0.0,0.0,0.0,0.0,0.0,0.0,0.0,0.0,0.0,-0.006254042337885672,0.0,0.0,0.0,0.0,0.0,0.0,0.0,0.0,0.0
"Dummy_Electricity, biomass, solid, agriculture by-products, at power plant [kWh]","",0.0,0.0,0.0,0.0,0.0,0.0,0.0,0.0,0.0,0.0,0.0,-6.79177269173844E-4,0.0,0.0,0.0,0.0,0.0,0.0,0.0,0.0,0.0
"Electricity, residual fuel oil, at power plant [kWh]","",0.0,0.0,0.0,-0.1116,0.0,0.0,0.0,0.0,0.0,0.0,0.0,-0.020440034230226868,0.0,0.0,0.0,0.0,0.0,0.0,0.0,0.0,0.0
"Dummy_Electricity, tire derived fuel, at power plant [kWh]","",0.0,0.0,0.0,0.0,0.0,0.0,0.0,0.0,0.0,0.0,0.0,-0.0010636470288676045,0.0,0.0,0.0,0.0,0.0,0.0,0.0,0.0,0.0
"Dummy_Electricity, geothermal, unspecified [kWh]","",0.0,0.0,0.0,-0.014436,0.0,0.0,0.0,0.0,0.0,0.0,0.0,-0.013066225943698656,0.0,0.0,0.0,0.0,0.0,0.0,0.0,0.0,0.0
"Dummy_Electricity, biomass, liquid, sludge, at power plant [kWh]","",0.0,0.0,0.0,0.0,0.0,0.0,0.0,0.0,0.0,0.0,0.0,-1.6152557516763732E-4,0.0,0.0,0.0,0.0,0.0,0.0,0.0,0.0,0.0
"Dummy_Electricity, MSW, non-biogenic, at power plant [kWh]","",0.0,0.0,0.0,0.0,0.0,0.0,0.0,0.0,0.0,0.0,0.0,-0.005559673749794388,0.0,0.0,0.0,0.0,0.0,0.0,0.0,0.0,0.0
"Electricity, lignite coal, at power plant [kWh]","",0.0,0.0,0.0,-0.10332,0.0,0.0,0.0,0.0,0.0,0.0,0.0,-0.07044891859707625,0.0,0.0,0.0,0.0,0.0,0.0,0.0,0.0,0.0
"Electricity, diesel, at power plant [kWh]","",0.0,0.0,0.0,0.0,0.0,0.0,0.0,0.0,0.0,0.0,0.0,-0.006654809433571738,0.0,0.0,0.0,0.0,0.0,0.0,0.0,0.0,0.0
"Dummy_Electricity, solar, unspecified, at power plant [kWh]","",0.0,0.0,0.0,0.0,0.0,0.0,0.0,0.0,0.0,0.0,0.0,-7.553387604227724E-4,0.0,0.0,0.0,0.0,0.0,0.0,0.0,0.0,0.0
"Electricity, biomass, at power plant [kWh]","",0.0,0.0,0.0,-0.05688000000000001,0.0,0.0,0.0,0.0,0.0,0.0,0.0,-0.01738756632723671,0.0,0.0,0.0,0.0,0.0,0.0,0.0,0.0,0.0
"Dummy_Electricity, petroleum, waste oil, at power plant [kWh]","",0.0,0.0,0.0,0.0,0.0,0.0,0.0,0.0,0.0,0.0,0.0,-7.983208894999608E-4,0.0,0.0,0.0,0.0,0.0,0.0,0.0,0.0,0.0
"Particulates, unspecified [kg]","air / unspecified",0.0,0.0,0.0,0.0,5.11E-5,0.0,0.0,0.0,0.0,0.0,0.0,0.0,0.0,0.0,0.0,0.0,0.0,0.0,0.0,0.0,0.0
"Bituminous coal, combusted in industrial boiler [kg]","",0.0,0.0,0.0,0.0,-3.58E-5,0.0,0.0,0.0,0.0,0.0,0.0,0.0,0.0,0.0,0.0,0.0,0.0,0.0,0.0,0.0,0.0
"Transport, ocean tanker, average fuel mix [t*km]","",0.0,0.0,0.0,0.0,-10.0,0.0,0.0,0.0,0.0,0.0,0.0,0.0,0.0,0.0,0.0,0.0,0.0,0.0,0.0,0.0,0.0
"Water, well, in ground [m3]","resource / in water",0.0,0.0,0.0,0.0,-2.93E-5,0.0,0.0,0.0,0.0,0.0,0.0,0.0,0.0,0.0,0.0,0.0,0.0,0.0,0.0,0.0,0.0
"chemicals inorganic, at plant [kg]","",0.0,0.0,0.0,0.0,-0.261,0.0,0.0,0.0,0.0,0.0,0.0,0.0,0.0,0.0,0.0,0.0,0.0,0.0,0.0,0.0,0.0
"electricity, medium voltage, at grid [kWh]","",0.0,0.0,0.0,0.0,-9.6,0.0,0.0,0.0,0.0,0.0,0.0,0.0,0.0,0.0,0.0,0.0,0.0,0.0,0.0,0.0,0.0
"transport, freight, rail [t*km]","",0.0,0.0,0.0,0.0,-0.4448000000000001,0.0,0.0,0.0,0.0,0.0,0.0,0.0,0.0,0.0,0.0,0.0,0.0,0.0,0.0,0.0,0.0
"hydrochloric acid, 30% in H2O, at plant [kg]","chemicals / inorganics",0.0,0.0,0.0,0.0,-0.2,0.0,0.0,0.0,0.0,0.0,0.0,0.0,0.0,0.0,0.0,0.0,0.0,0.0,0.0,0.0,0.0
"Metamorphous rock, graphite containing, in ground [kg]","resource / in ground",0.0,-0.01898474681200988,0.0,0.0,-1.05,0.0,0.0,0.0,0.0,0.0,0.0,0.0,0.0,0.0,0.0,0.0,0.0,0.0,0.0,0.0,0.0
"light fuel oil, burned in boiler 100kW, non-modulating [kWh]","oil / heating systems",0.0,0.0,0.0,0.0,-1.80000000144,0.0,0.0,0.0,0.0,0.0,0.0,0.0,0.0,0.0,0.0,0.0,0.0,0.0,0.0,0.0,0.0
"lubricating oil, at plant [kg]","chemicals / organics",0.0,0.0,0.0,0.0,-0.0034,0.0,0.0,0.0,0.0,0.0,0.0,0.0,0.0,0.0,0.0,0.0,0.0,0.0,0.0,0.0,0.0
"electricity, medium voltage, production UCTE, at grid [kWh]","",0.0,0.0,0.0,0.0,-2.93,0.0,0.0,0.0,0.0,0.0,0.0,0.0,0.0,0.0,0.0,0.0,0.0,0.0,0.0,0.0,0.0
"Benzene, ethyl- [kg]","air / unspecified",0.0,8.952238162954903E-9,0.0,0.0,0.0,0.0,0.0,0.0,0.0,0.0,1.2E-5,0.0,0.0,0.0,0.0,0.0,0.0,0.0,0.0,0.0,0.0
"Xylene [kg]","air / unspecified",0.0,3.740841505300852E-8,0.0,0.0,0.0,0.0,4.2688E-6,0.0,0.0,0.0,8.7E-5,0.0,0.0,0.0,0.0,0.0,0.0,0.0,0.0,0.0,0.0
"Diesel, combusted in industrial equipment [m3]","",0.0,0.0,0.0,0.0,0.0,0.0,0.0,0.0,0.0,0.0,-5.02E-11,0.0,0.0,0.0,0.0,0.0,0.0,-1.2899999999999999E-9,0.0,0.0,0.0
"Sulfur dioxide [kg]","air / unspecified",0.0,1.4379492339921113E-5,0.0,0.0,0.0,0.0,0.0,0.0,0.0,0.0,0.0019,0.0,0.0,0.0,0.0,0.0179,0.0,0.0,0.0,0.0,0.0
"Toluene [kg]","air / unspecified",0.0,4.096774854489873E-9,0.0,0.0,0.0,0.0,6.1261E-6,0.0,0.0,0.0,1.5E-4,0.0,0.0,0.0,0.0,0.0,0.0,0.0,0.0,0.0,0.0
"Residual fuel oil, combusted in industrial boiler [m3]","",0.0,0.0,0.0,0.0,0.0,0.0,0.0,0.0,0.0,0.0,-4.96E-11,0.0,0.0,0.0,0.0,-3.65E-11,0.0,-7.98E-10,0.0,0.0,-5.88E-10
"Dummy_Electricity, fossil, unspecified, at power plant [kWh]","",0.0,0.0,0.0,-0.023976,0.0,0.0,0.0,0.0,0.0,0.0,0.0,0.0,0.0,0.0,0.0,0.0,0.0,0.0,0.0,0.0,0.0
"Dummy_Electricity, photovoltaic, unspecified [kWh]","",0.0,0.0,0.0,-6.516E-4,0.0,0.0,0.0,0.0,0.0,0.0,0.0,0.0,0.0,0.0,0.0,0.0,0.0,0.0,0.0,0.0,0.0
"Dodecane [kg]","water / unspecified",0.0,0.0,0.0,0.0,0.0,0.0,0.0,0.0,0.0,0.0,0.0,0.0,0.0,0.0,0.0,0.0,0.0,1.4E-8,0.0,0.0,1.75E-7
"Naphthalene [kg]","water / unspecified",0.0,0.0,0.0,0.0,0.0,0.0,0.0,0.0,0.0,0.0,0.0,0.0,0.0,0.0,0.0,0.0,0.0,4.64E-9,0.0,0.0,5.75E-8
"Lead [kg]","water / unspecified",0.0,0.0,0.0,0.0,0.0,0.0,0.0,0.0,0.0,0.0,0.0,0.0,0.0,0.0,0.0,0.0,0.0,1.26E-7,0.0,0.0,1.01E-6
"Benzenes, alkylated, unspecified [kg]","water / unspecified",0.0,0.0,0.0,0.0,0.0,0.0,0.0,0.0,0.0,0.0,0.0,0.0,0.0,0.0,0.0,0.0,0.0,4.73E-8,0.0,0.0,3.11E-8
"Dummy, Disposal, solid waste, unspecified, to unspecified treatment [kg]","",0.0,0.0,0.0,0.0,0.0,0.0,0.0,0.0,0.0,0.0,0.0,0.0,0.0,0.0,0.0,0.0,0.0,0.0,0.0,0.0,-0.0192
"Cresol, p- [kg]","water / unspecified",0.0,0.0,0.0,0.0,0.0,0.0,0.0,0.0,0.0,0.0,0.0,0.0,0.0,0.0,0.0,0.0,0.0,7.9E-9,0.0,0.0,9.83E-8
"Docosane [kg]","water / unspecified",0.0,0.0,0.0,0.0,0.0,0.0,0.0,0.0,0.0,0.0,0.0,0.0,0.0,0.0,0.0,0.0,0.0,1.88E-10,0.0,0.0,3.39E-9
"Chromium, ion [kg]","water / unspecified",0.0,0.0,0.0,0.0,0.0,0.0,0.0,0.0,0.0,0.0,0.0,0.0,0.0,0.0,0.0,0.0,0.0,0.0,0.0,0.0,1.6E-6
"Hexadecane [kg]","water / unspecified",0.0,0.0,0.0,0.0,0.0,0.0,0.0,0.0,0.0,0.0,0.0,0.0,0.0,0.0,0.0,0.0,0.0,1.53E-8,0.0,0.0,1.91E-7
"Dibenzothiophene [kg]","water / unspecified",0.0,0.0,0.0,0.0,0.0,0.0,0.0,0.0,0.0,0.0,0.0,0.0,0.0,0.0,0.0,0.0,0.0,3.64E-11,0.0,0.0,4.9422E-10
"Boron [kg]","water / unspecified",0.0,0.0,0.0,0.0,0.0,0.0,0.0,0.0,0.0,0.0,0.0,0.0,0.0,0.0,0.0,0.0,0.0,7.98E-7,0.0,0.0,9.94E-6
"COD, Chemical Oxygen Demand [kg]","water / unspecified",0.0,0.0,0.0,0.0,0.0,2.3E-4,0.0,0.0,0.0,0.0,0.0,0.0,0.0,0.0,0.0,0.0,0.0,4.02E-5,0.0,0.0,9.11E-4
"Mercury [kg]","water / unspecified",0.0,0.0,0.0,0.0,0.0,0.0,0.0,0.0,0.0,0.0,0.0,0.0,0.0,0.0,0.0,0.0,0.0,2.54E-10,0.0,0.0,6.22E-10
"Radium-226/kg [kg]","water / unspecified",0.0,0.0,0.0,0.0,0.0,0.0,0.0,0.0,0.0,0.0,0.0,0.0,0.0,0.0,0.0,0.0,0.0,9.21E-15,0.0,0.0,1.15E-13
"Gas, natural [m3]","resource / ground-",0.0,0.0,0.0,0.0,0.0,0.0,0.0,0.0,0.0,0.0,0.0,0.0,0.0,0.0,0.0,0.0,0.0,0.0,0.0,0.0,-1.0
"Fluorene, 1-methyl- [kg]","water / unspecified",0.0,0.0,0.0,0.0,0.0,0.0,0.0,0.0,0.0,0.0,0.0,0.0,0.0,0.0,0.0,0.0,0.0,2.0E-11,0.0,0.0,3.61E-10
"Cresol, o- [kg]","water / unspecified",0.0,0.0,0.0,0.0,0.0,0.0,0.0,0.0,0.0,0.0,0.0,0.0,0.0,0.0,0.0,0.0,0.0,7.33E-9,0.0,0.0,9.11E-8
"Methane, monochloro-, R-40 [kg]","water / unspecified",0.0,0.0,0.0,0.0,0.0,0.0,0.0,0.0,0.0,0.0,0.0,0.0,0.0,0.0,0.0,0.0,0.0,7.06E-12,0.0,0.0,1.28E-10
"Molybdenum [kg]","water / unspecified",0.0,0.0,0.0,0.0,0.0,0.0,0.0,0.0,0.0,0.0,0.0,0.0,0.0,0.0,0.0,0.0,0.0,5.85E-9,0.0,0.0,7.28E-8
"Arsenic, ion [kg]","water / unspecified",0.0,0.0,0.0,0.0,0.0,0.0,0.0,0.0,0.0,0.0,0.0,0.0,0.0,0.0,0.0,0.0,0.0,4.7E-8,0.0,0.0,7.0E-7
"Benzene [kg]","water / unspecified",0.0,0.0,0.0,0.0,0.0,0.0,0.0,0.0,0.0,0.0,0.0,0.0,0.0,0.0,0.0,0.0,0.0,2.6E-7,0.0,0.0,5.31E-6
"Pentanone, methyl- [kg]","water / unspecified",0.0,0.0,0.0,0.0,0.0,0.0,0.0,0.0,0.0,0.0,0.0,0.0,0.0,0.0,0.0,0.0,0.0,0.0,0.0,0.0,1.33E-8
"Sulfate [kg]","water / unspecified",0.0,0.0,0.0,0.0,0.0,0.0,0.0,0.0,0.0,0.0,0.0,0.0,0.0,0.0,0.0,0.0,0.0,1.02E-5,0.0,0.0,2.33E-4
"Acetone [kg]","water / unspecified",0.0,0.0,0.0,0.0,0.0,0.0,0.0,0.0,0.0,0.0,0.0,0.0,0.0,0.0,0.0,0.0,0.0,1.8E-9,0.0,0.0,3.17E-8
"Manganese [kg]","water / unspecified",0.0,0.0,0.0,0.0,0.0,0.0,0.0,0.0,0.0,0.0,0.0,0.0,0.0,0.0,0.0,0.0,0.0,1.42E-7,0.0,0.0,3.22E-6
"Titanium, ion [kg]","water / unspecified",0.0,0.0,0.0,0.0,0.0,0.0,0.0,0.0,0.0,0.0,0.0,0.0,0.0,0.0,0.0,0.0,0.0,2.23E-7,0.0,0.0,5.48E-7
"Toluene [kg]","water / unspecified",0.0,0.0,0.0,0.0,0.0,0.0,0.0,0.0,0.0,0.0,0.0,0.0,0.0,0.0,0.0,0.0,0.0,2.4E-7,0.0,0.0,5.02E-6
"Silver [kg]","water / unspecified",0.0,0.0,0.0,0.0,0.0,0.0,0.0,0.0,0.0,0.0,0.0,0.0,0.0,0.0,0.0,0.0,0.0,3.02E-7,0.0,0.0,6.64E-6
"m-Xylene [kg]","water / unspecified",0.0,0.0,0.0,0.0,0.0,0.0,0.0,0.0,0.0,0.0,0.0,0.0,0.0,0.0,0.0,0.0,0.0,7.52E-9,0.0,0.0,9.6E-8
"Lithium, ion [kg]","water / unspecified",0.0,0.0,0.0,0.0,0.0,0.0,0.0,0.0,0.0,0.0,0.0,0.0,0.0,0.0,0.0,0.0,0.0,1.5E-4,0.0,0.0,0.0034
"Benzene, ethyl- [kg]","water / unspecified",0.0,0.0,0.0,0.0,0.0,0.0,0.0,0.0,0.0,0.0,0.0,0.0,0.0,0.0,0.0,0.0,0.0,1.46E-8,0.0,0.0,2.99E-7
"Octadecane [kg]","water / unspecified",0.0,0.0,0.0,0.0,0.0,0.0,0.0,0.0,0.0,0.0,0.0,0.0,0.0,0.0,0.0,0.0,0.0,3.8E-9,0.0,0.0,4.72E-8
"Dibenzofuran [kg]","water / unspecified",0.0,0.0,0.0,0.0,0.0,0.0,0.0,0.0,0.0,0.0,0.0,0.0,0.0,0.0,0.0,0.0,0.0,3.33E-11,0.0,0.0,6.02E-10
"Sulfur [kg]","water / unspecified",0.0,0.0,0.0,0.0,0.0,0.0,0.0,0.0,0.0,0.0,0.0,0.0,0.0,0.0,0.0,0.0,0.0,6.48E-7,0.0,0.0,8.39E-6
"Phenol, 2,4-dimethyl- [kg]","water / unspecified",0.0,0.0,0.0,0.0,0.0,0.0,0.0,0.0,0.0,0.0,0.0,0.0,0.0,0.0,0.0,0.0,0.0,7.13E-9,0.0,0.0,8.87E-8
"Dissolved solids [kg]","water / unspecified",0.0,0.0,0.0,0.0,0.0,0.0,0.0,0.0,0.0,0.0,0.0,0.0,0.0,0.0,0.0,0.0,0.0,0.00623,0.0,0.0,0.141
"Fluorenes, alkylated, unspecified [kg]","water / unspecified",0.0,0.0,0.0,0.0,0.0,0.0,0.0,0.0,0.0,0.0,0.0,0.0,0.0,0.0,0.0,0.0,0.0,2.74E-9,0.0,0.0,1.81E-9
"Cobalt [kg]","water / unspecified",0.0,0.0,0.0,0.0,0.0,0.0,0.0,0.0,0.0,0.0,0.0,0.0,0.0,0.0,0.0,0.0,0.0,5.64E-9,0.0,0.0,7.02E-8
"Tetradecane [kg]","water / unspecified",0.0,0.0,0.0,0.0,0.0,0.0,0.0,0.0,0.0,0.0,0.0,0.0,0.0,0.0,0.0,0.0,0.0,6.04E-9,0.0,0.0,7.68E-8
"Cadmium, ion [kg]","water / unspecified",0.0,0.0,0.0,0.0,0.0,0.0,0.0,0.0,0.0,0.0,0.0,0.0,0.0,0.0,0.0,0.0,0.0,7.31E-9,0.0,0.0,1.02E-7
"Selenium [kg]","water / unspecified",0.0,0.0,0.0,0.0,0.0,0.0,0.0,0.0,0.0,0.0,0.0,0.0,0.0,0.0,0.0,0.0,0.0,2.81E-9,0.0,0.0,7.04E-9
"Radium-228/kg [kg]","water / unspecified",0.0,0.0,0.0,0.0,0.0,0.0,0.0,0.0,0.0,0.0,0.0,0.0,0.0,0.0,0.0,0.0,0.0,4.71E-17,0.0,0.0,5.86E-16
"Hexacosane [kg]","water / unspecified",0.0,0.0,0.0,0.0,0.0,0.0,0.0,0.0,0.0,0.0,0.0,0.0,0.0,0.0,0.0,0.0,0.0,1.17E-10,0.0,0.0,2.12E-9
"2-Hexanone [kg]","water / unspecified",0.0,0.0,0.0,0.0,0.0,0.0,0.0,0.0,0.0,0.0,0.0,0.0,0.0,0.0,0.0,0.0,0.0,1.7E-9,0.0,0.0,2.07E-8
"Thallium [kg]","water / unspecified",0.0,0.0,0.0,0.0,0.0,0.0,0.0,0.0,0.0,0.0,0.0,0.0,0.0,0.0,0.0,0.0,0.0,3.05E-9,0.0,0.0,7.53E-9
"Magnesium [kg]","water / unspecified",0.0,0.0,0.0,0.0,0.0,0.0,0.0,0.0,0.0,0.0,0.0,0.0,0.0,0.0,0.0,0.0,0.0,1.01E-4,0.0,0.0,0.00199
"Barium [kg]","water / unspecified",0.0,0.0,0.0,0.0,0.0,0.0,0.0,0.0,0.0,0.0,0.0,0.0,0.0,0.0,0.0,0.0,0.0,3.1E-4,0.0,0.0,9.02E-4
"Phenanthrene [kg]","water / unspecified",0.0,0.0,0.0,0.0,0.0,0.0,0.0,0.0,0.0,0.0,0.0,0.0,0.0,0.0,0.0,0.0,0.0,2.04E-10,0.0,0.0,4.06E-10
"Cyanide [kg]","water / unspecified",0.0,0.0,0.0,0.0,0.0,0.0,0.0,0.0,0.0,0.0,0.0,0.0,0.0,0.0,0.0,0.0,0.0,1.27E-11,0.0,0.0,2.29E-10
"BOD5, Biological Oxygen Demand [kg]","water / unspecified",0.0,0.0,0.0,0.0,0.0,5.0E-5,0.0,0.0,0.0,0.0,0.0,0.0,0.0,0.0,0.0,0.0,0.0,2.43E-5,0.0,0.0,5.52E-4
"Ammonia [kg]","water / unspecified",0.0,0.0,0.0,0.0,0.0,6.0E-5,0.0,0.0,0.0,0.0,0.0,0.0,0.0,0.0,0.0,0.0,0.0,2.5E-6,0.0,0.0,3.91E-5
"Tin [kg]","water / unspecified",0.0,0.0,0.0,0.0,0.0,0.0,0.0,0.0,0.0,0.0,0.0,0.0,0.0,0.0,0.0,0.0,0.0,5.78E-8,0.0,0.0,3.49E-7
"Calcium, ion [kg]","water / unspecified",0.0,0.0,0.0,0.0,0.0,0.0,0.0,0.0,0.0,0.0,0.0,0.0,0.0,0.0,0.0,0.0,0.0,5.04E-4,0.0,0.0,0.0102
"Detergents, oil [kg]","water / unspecified",0.0,0.0,0.0,0.0,0.0,0.0,0.0,0.0,0.0,0.0,0.0,0.0,0.0,0.0,0.0,0.0,0.0,0.0,0.0,0.0,3.16E-6
"Strontium [kg]","water / unspecified",0.0,0.0,0.0,0.0,0.0,0.0,0.0,0.0,0.0,0.0,0.0,0.0,0.0,0.0,0.0,0.0,0.0,1.39E-5,0.0,0.0,1.73E-4
"Biphenyl [kg]","water / unspecified",0.0,0.0,0.0,0.0,0.0,0.0,0.0,0.0,0.0,0.0,0.0,0.0,0.0,0.0,0.0,0.0,0.0,3.06E-9,0.0,0.0,2.02E-9
"Naphthalene, 2-methyl- [kg]","water / unspecified",0.0,0.0,0.0,0.0,0.0,0.0,0.0,0.0,0.0,0.0,0.0,0.0,0.0,0.0,0.0,0.0,0.0,3.94E-9,0.0,0.0,5.02E-8
"Beryllium [kg]","water / unspecified",0.0,0.0,0.0,0.0,0.0,0.0,0.0,0.0,0.0,0.0,0.0,0.0,0.0,0.0,0.0,0.0,0.0,2.99E-9,0.0,0.0,3.17E-8
"Benzoic acid [kg]","water / unspecified",0.0,0.0,0.0,0.0,0.0,0.0,0.0,0.0,0.0,0.0,0.0,0.0,0.0,0.0,0.0,0.0,0.0,2.58E-7,0.0,0.0,3.21E-6
"Zinc [kg]","water / unspecified",0.0,0.0,0.0,0.0,0.0,0.0,0.0,0.0,0.0,0.0,0.0,0.0,0.0,0.0,0.0,0.0,0.0,5.26E-7,0.0,0.0,1.56E-6
"Nickel [kg]","water / unspecified",0.0,0.0,0.0,0.0,0.0,0.0,0.0,0.0,0.0,0.0,0.0,0.0,0.0,0.0,0.0,0.0,0.0,5.78E-8,0.0,0.0,5.54E-7
"Methyl ethyl ketone [kg]","water / unspecified",0.0,0.0,0.0,0.0,0.0,0.0,0.0,0.0,0.0,0.0,0.0,0.0,0.0,0.0,0.0,0.0,0.0,1.41E-11,0.0,0.0,2.55E-10
"Yttrium [kg]","water / unspecified",0.0,0.0,0.0,0.0,0.0,0.0,0.0,0.0,0.0,0.0,0.0,0.0,0.0,0.0,0.0,0.0,0.0,1.71E-9,0.0,0.0,2.13E-8
"Phenanthrenes, alkylated, unspecified [kg]","water / unspecified",0.0,0.0,0.0,0.0,0.0,0.0,0.0,0.0,0.0,0.0,0.0,0.0,0.0,0.0,0.0,0.0,0.0,3.21E-10,0.0,0.0,2.12E-10
"Xylene [kg]","water / unspecified",0.0,0.0,0.0,0.0,0.0,0.0,0.0,0.0,0.0,0.0,0.0,0.0,0.0,0.0,0.0,0.0,0.0,1.12E-7,0.0,0.0,2.6098999999999998E-6
"Bromide [kg]","water / unspecified",0.0,0.0,0.0,0.0,0.0,0.0,0.0,0.0,0.0,0.0,0.0,0.0,0.0,0.0,0.0,0.0,0.0,3.0E-5,0.0,0.0,6.79E-4
"Hexanoic acid [kg]","water / unspecified",0.0,0.0,0.0,0.0,0.0,0.0,0.0,0.0,0.0,0.0,0.0,0.0,0.0,0.0,0.0,0.0,0.0,5.35E-8,0.0,0.0,6.66E-7
"Sodium, ion [kg]","water / unspecified",0.0,0.0,0.0,0.0,0.0,0.0,0.0,0.0,0.0,0.0,0.0,0.0,0.0,0.0,0.0,0.0,0.0,0.00143,0.0,0.0,0.0323
"Vanadium [kg]","water / unspecified",0.0,0.0,0.0,0.0,0.0,0.0,0.0,0.0,0.0,0.0,0.0,0.0,0.0,0.0,0.0,0.0,0.0,6.79E-9,0.0,0.0,8.6E-8
"Decane [kg]","water / unspecified",0.0,0.0,0.0,0.0,0.0,0.0,0.0,0.0,0.0,0.0,0.0,0.0,0.0,0.0,0.0,0.0,0.0,7.39E-9,0.0,0.0,9.23E-8
"Aluminium [kg]","water / unspecified",0.0,0.0,0.0,0.0,0.0,0.0,0.0,0.0,0.0,0.0,0.0,0.0,0.0,0.0,0.0,0.0,0.0,2.3E-5,0.0,0.0,5.84E-5
"Benzene, 1-methyl-4-(1-methylethyl)- [kg]","water / unspecified",0.0,0.0,0.0,0.0,0.0,0.0,0.0,0.0,0.0,0.0,0.0,0.0,0.0,0.0,0.0,0.0,0.0,1.75E-11,0.0,0.0,3.17E-10
"Antimony [kg]","water / unspecified",0.0,0.0,0.0,0.0,0.0,0.0,0.0,0.0,0.0,0.0,0.0,0.0,0.0,0.0,0.0,0.0,0.0,1.4E-8,0.0,0.0,3.56E-8
"Benzene, pentamethyl- [kg]","water / unspecified",0.0,0.0,0.0,0.0,0.0,0.0,0.0,0.0,0.0,0.0,0.0,0.0,0.0,0.0,0.0,0.0,0.0,1.31E-11,0.0,0.0,2.37E-10
"Icosane [kg]","water / unspecified",0.0,0.0,0.0,0.0,0.0,0.0,0.0,0.0,0.0,0.0,0.0,0.0,0.0,0.0,0.0,0.0,0.0,3.85E-9,0.0,0.0,4.82E-8
"Methane [kg]","air / unspecified",0.0,1.2470856115327882E-5,0.0,0.0,0.0,0.0,0.0,0.0,0.0,0.0,0.0,0.0,0.0,0.0,0.0,0.0,0.0,0.0034,0.0,0.0,0.00881
"Lead-210/kg [kg]","water / unspecified",0.0,0.0,0.0,0.0,0.0,0.0,0.0,0.0,0.0,0.0,0.0,0.0,0.0,0.0,0.0,0.0,0.0,2.65E-17,0.0,0.0,3.29E-16
"Naphthalenes, alkylated, unspecified [kg]","water / unspecified",0.0,0.0,0.0,0.0,0.0,0.0,0.0,0.0,0.0,0.0,0.0,0.0,0.0,0.0,0.0,0.0,0.0,7.74E-10,0.0,0.0,5.1E-10
"Phenols, unspecified [kg]","water / unspecified",0.0,0.0,0.0,0.0,0.0,0.0,0.0,0.0,0.0,0.0,0.0,0.0,0.0,0.0,0.0,0.0,0.0,7.4E-8,0.0,0.0,1.42E-6
"Fluorine [kg]","water / unspecified",0.0,0.0,0.0,0.0,0.0,0.0,0.0,0.0,0.0,0.0,0.0,0.0,0.0,0.0,0.0,0.0,0.0,0.0,0.0,0.0,1.11E-9
"Gasoline, combusted in equipment [m3]","",0.0,0.0,0.0,0.0,0.0,0.0,1.0E-6,0.0,0.0,0.0,0.0,0.0,0.0,0.0,0.0,0.0,0.0,0.0,0.0,0.0,0.0
"Propene [kg]","air / unspecified",0.0,8.126928132203789E-10,0.0,0.0,0.0,0.0,3.8644E-5,0.0,0.0,0.0,0.0,0.0,0.0,0.0,0.0,0.0,0.0,0.0,0.0,0.0,0.0
"Butadiene [kg]","air / unspecified",0.0,7.898038934060692E-14,0.0,0.0,0.0,0.0,5.8565E-7,0.0,0.0,0.0,0.0,0.0,0.0,0.0,0.0,0.0,0.0,0.0,0.0,0.0,0.0
"Acetaldehyde [kg]","air / unspecified",0.0,5.912069043747754E-10,0.0,0.0,0.0,0.0,1.1488E-5,0.0,0.0,0.0,0.0,0.0,0.0,0.0,0.0,0.0,0.0,0.0,0.0,0.0,0.0
"Acrolein [kg]","air / unspecified",0.0,3.406608120128359E-13,0.0,0.0,0.0,0.0,1.3855E-6,0.0,0.0,0.0,0.0,0.0,0.0,0.0,0.0,0.0,0.0,0.0,0.0,0.0,0.0
"PAH, polycyclic aromatic hydrocarbons [kg]","air / unspecified",0.0,6.463822636902951E-10,0.0,0.0,0.0,0.0,2.5164E-6,0.0,0.0,0.0,0.0,0.0,0.0,0.0,0.0,0.0,0.0,0.0,0.0,0.0,0.0
"gasoline, at refinery [m3]","",0.0,0.0,0.0,0.0,0.0,0.0,-1.0E-6,0.0,0.0,0.0,0.0,0.0,0.0,0.0,0.0,0.0,0.0,0.0,0.0,0.0,0.0
"Antimony [kg]","air / unspecified",0.0,9.220828218868159E-11,0.0,0.0,0.0,0.0,0.0,0.0,0.0,0.0,0.0,0.0,0.0,0.0,0.0,0.0,0.0,0.0,0.0,0.0,0.0
"Radon-222 [kBq]","air / unspecified",0.0,0.03195153923449003,0.0,0.0,0.0,0.0,0.0,0.0,0.0,0.0,0.0,0.0,0.0,0.0,0.0,0.0,0.0,0.0,0.0,0.0,0.0
"Chromium [kg]","water / fresh water",0.0,2.78027682743135E-10,0.0,0.0,0.0,0.0,0.0,0.0,0.0,0.0,0.0,0.0,0.0,0.0,0.0,0.0,0.0,0.0,0.0,0.0,0.0
"Cobalt-58 [kBq]","air / unspecified",0.0,1.0209127852567687E-10,0.0,0.0,0.0,0.0,0.0,0.0,0.0,0.0,0.0,0.0,0.0,0.0,0.0,0.0,0.0,0.0,0.0,0.0,0.0
"Chrysene [kg]","air / unspecified",0.0,5.966603571349086E-14,0.0,0.0,0.0,0.0,0.0,0.0,0.0,0.0,0.0,0.0,0.0,0.0,0.0,0.0,0.0,0.0,0.0,0.0,0.0
"Cadmium [kg]","soil / unspecified",0.0,4.3173123104691754E-13,0.0,0.0,0.0,0.0,0.0,0.0,0.0,0.0,0.0,0.0,0.0,0.0,0.0,0.0,0.0,0.0,0.0,0.0,0.0
"Naphthalene [kg]","water / fresh water",0.0,5.357372552922035E-12,0.0,0.0,0.0,0.0,0.0,0.0,0.0,0.0,0.0,0.0,0.0,0.0,0.0,0.0,0.0,0.0,0.0,0.0,0.0
"Uranium-234 [kBq]","air / unspecified",0.0,1.3890438743920036E-7,0.0,0.0,0.0,0.0,0.0,0.0,0.0,0.0,0.0,0.0,0.0,0.0,0.0,0.0,0.0,0.0,0.0,0.0,0.0
"Benzo(k)fluoranthene [kg]","water / ocean",0.0,8.213994527692642E-13,0.0,0.0,0.0,0.0,0.0,0.0,0.0,0.0,0.0,0.0,0.0,0.0,0.0,0.0,0.0,0.0,0.0,0.0,0.0
"Americium-241 [kBq]","water / fresh water",0.0,5.866907512715698E-8,0.0,0.0,0.0,0.0,0.0,0.0,0.0,0.0,0.0,0.0,0.0,0.0,0.0,0.0,0.0,0.0,0.0,0.0,0.0
"Sulfide [kg]","water / fresh water",0.0,5.685606593976402E-9,0.0,0.0,0.0,0.0,0.0,0.0,0.0,0.0,0.0,0.0,0.0,0.0,0.0,0.0,0.0,0.0,0.0,0.0,0.0
"Colemanite, in ground [kg]","resource / in ground",0.0,-3.3073436414420247E-9,0.0,0.0,0.0,0.0,0.0,0.0,0.0,0.0,0.0,0.0,0.0,0.0,0.0,0.0,0.0,0.0,0.0,0.0,0.0
"Propane, 1,2-dichloro- [kg]","water / fresh water",0.0,3.729052646567609E-18,0.0,0.0,0.0,0.0,0.0,0.0,0.0,0.0,0.0,0.0,0.0,0.0,0.0,0.0,0.0,0.0,0.0,0.0,0.0
"Potassium [kg]","soil / unspecified",0.0,1.4891389350540265E-8,0.0,0.0,0.0,0.0,0.0,0.0,0.0,0.0,0.0,0.0,0.0,0.0,0.0,0.0,0.0,0.0,0.0,0.0,0.0
"Carbonate [kg]","water / ocean",0.0,1.4582360964265264E-7,0.0,0.0,0.0,0.0,0.0,0.0,0.0,0.0,0.0,0.0,0.0,0.0,0.0,0.0,0.0,0.0,0.0,0.0,0.0
"Cadmium [kg]","water / fresh water",0.0,4.1655754642282136E-10,0.0,0.0,0.0,0.0,0.0,0.0,0.0,0.0,0.0,0.0,0.0,0.0,0.0,0.0,0.0,0.0,0.0,0.0,0.0
"Benzene [kg]","water / ocean",0.0,5.549103348260985E-10,0.0,0.0,0.0,0.0,0.0,0.0,0.0,0.0,0.0,0.0,0.0,0.0,0.0,0.0,0.0,0.0,0.0,0.0,0.0
"Aggregate, natural [kg]","resource / in ground",0.0,-2.239599370676646E-5,0.0,0.0,0.0,0.0,0.0,0.0,0.0,0.0,0.0,0.0,0.0,0.0,0.0,0.0,0.0,0.0,0.0,0.0,0.0
"Cresol [kg]","water / ocean",0.0,4.2372794379874015E-15,0.0,0.0,0.0,0.0,0.0,0.0,0.0,0.0,0.0,0.0,0.0,0.0,0.0,0.0,0.0,0.0,0.0,0.0,0.0
"TOC, Total Organic Carbon [kg]","water / fresh water",0.0,3.0571690812363E-8,0.0,0.0,0.0,0.0,0.0,0.0,0.0,0.0,0.0,0.0,0.0,0.0,0.0,0.0,0.0,0.0,0.0,0.0,0.0
"Energy, primary, from solar energy [kWh]","resource / in air",0.0,-1.0567229018707027E-4,0.0,0.0,0.0,0.0,0.0,0.0,0.0,0.0,0.0,0.0,0.0,0.0,0.0,0.0,0.0,0.0,0.0,0.0,0.0
"Acidity, unspecified [kg]","air / unspecified",0.0,2.1095543899610495E-12,0.0,0.0,0.0,0.0,0.0,0.0,0.0,0.0,0.0,0.0,0.0,0.0,0.0,0.0,0.0,0.0,0.0,0.0,0.0
"Water, surface [kg]","resource / in water",0.0,-1.1364635420359888,0.0,0.0,0.0,0.0,0.0,0.0,0.0,0.0,0.0,0.0,0.0,0.0,0.0,0.0,0.0,0.0,0.0,0.0,0.0
"Manganese [kg]","water / ocean",0.0,7.597997672612001E-11,0.0,0.0,0.0,0.0,0.0,0.0,0.0,0.0,0.0,0.0,0.0,0.0,0.0,0.0,0.0,0.0,0.0,0.0,0.0
"Strontium [kg]","air / unspecified",0.0,3.074682069025919E-13,0.0,0.0,0.0,0.0,0.0,0.0,0.0,0.0,0.0,0.0,0.0,0.0,0.0,0.0,0.0,0.0,0.0,0.0,0.0
"Cyanide [kg]","water / fresh water",0.0,3.5204825485144985E-12,0.0,0.0,0.0,0.0,0.0,0.0,0.0,0.0,0.0,0.0,0.0,0.0,0.0,0.0,0.0,0.0,0.0,0.0,0.0
"Potassium [kg]","water / fresh water",0.0,5.9413285680286067E-8,0.0,0.0,0.0,0.0,0.0,0.0,0.0,0.0,0.0,0.0,0.0,0.0,0.0,0.0,0.0,0.0,0.0,0.0,0.0
"Chromium, ion [kg]","water / fresh water",0.0,1.0414735826570376E-10,0.0,0.0,0.0,0.0,0.0,0.0,0.0,0.0,0.0,0.0,0.0,0.0,0.0,0.0,0.0,0.0,0.0,0.0,0.0
"Nickel [kg]","resource / in ground",0.0,-8.039386552131603E-9,0.0,0.0,0.0,0.0,0.0,0.0,0.0,0.0,0.0,0.0,0.0,0.0,0.0,0.0,0.0,0.0,0.0,0.0,0.0
"Cesium-137 [kBq]","air / unspecified",0.0,3.329538312372729E-8,0.0,0.0,0.0,0.0,0.0,0.0,0.0,0.0,0.0,0.0,0.0,0.0,0.0,0.0,0.0,0.0,0.0,0.0,0.0
"Methane, chlorodifluoro-, HCFC-22 [kg]","air / unspecified",0.0,8.712363640968726E-11,0.0,0.0,0.0,0.0,0.0,0.0,0.0,0.0,0.0,0.0,0.0,0.0,0.0,0.0,0.0,0.0,0.0,0.0,0.0
"Fluoranthene [kg]","water / fresh water",0.0,2.1656400174857306E-14,0.0,0.0,0.0,0.0,0.0,0.0,0.0,0.0,0.0,0.0,0.0,0.0,0.0,0.0,0.0,0.0,0.0,0.0,0.0
"Hydrocyanic acid [kg]","air / unspecified",0.0,1.0820186782761142E-11,0.0,0.0,0.0,0.0,0.0,0.0,0.0,0.0,0.0,0.0,0.0,0.0,0.0,0.0,0.0,0.0,0.0,0.0,0.0
"Iodine-129 [kBq]","water / fresh water",0.0,8.491622844321903E-6,0.0,0.0,0.0,0.0,0.0,0.0,0.0,0.0,0.0,0.0,0.0,0.0,0.0,0.0,0.0,0.0,0.0,0.0,0.0
"Dibenz(a,h)anthracene [kg]","air / unspecified",0.0,1.3505487813526635E-14,0.0,0.0,0.0,0.0,0.0,0.0,0.0,0.0,0.0,0.0,0.0,0.0,0.0,0.0,0.0,0.0,0.0,0.0,0.0
"Magnesium [kg]","soil / unspecified",0.0,1.626506643649376E-10,0.0,0.0,0.0,0.0,0.0,0.0,0.0,0.0,0.0,0.0,0.0,0.0,0.0,0.0,0.0,0.0,0.0,0.0,0.0
"Rhodium [kg]","air / unspecified",0.0,4.769068539334457E-19,0.0,0.0,0.0,0.0,0.0,0.0,0.0,0.0,0.0,0.0,0.0,0.0,0.0,0.0,0.0,0.0,0.0,0.0,0.0
"Titanium [kg]","air / unspecified",0.0,1.267729431313231E-12,0.0,0.0,0.0,0.0,0.0,0.0,0.0,0.0,0.0,0.0,0.0,0.0,0.0,0.0,0.0,0.0,0.0,0.0,0.0
"Molybdenum [kg]","resource / in ground",0.0,-3.395002470119401E-11,0.0,0.0,0.0,0.0,0.0,0.0,0.0,0.0,0.0,0.0,0.0,0.0,0.0,0.0,0.0,0.0,0.0,0.0,0.0
"Iodine-131 [kBq]","air / unspecified",0.0,1.9120746894703546E-8,0.0,0.0,0.0,0.0,0.0,0.0,0.0,0.0,0.0,0.0,0.0,0.0,0.0,0.0,0.0,0.0,0.0,0.0,0.0
"Calcium carbonate, in ground [kg]","resource / in ground",0.0,-5.777880052253779E-4,0.0,0.0,0.0,0.0,0.0,0.0,0.0,0.0,0.0,0.0,0.0,0.0,0.0,0.0,0.0,0.0,0.0,0.0,0.0
"hard coal;  26.3 MJ/kg [kWh]","resource / in ground",0.0,-0.004706750472837848,0.0,0.0,0.0,0.0,0.0,0.0,0.0,0.0,0.0,0.0,0.0,0.0,0.0,0.0,0.0,0.0,0.0,0.0,0.0
"Anthracene [kg]","water / ocean",0.0,8.205239162398895E-13,0.0,0.0,0.0,0.0,0.0,0.0,0.0,0.0,0.0,0.0,0.0,0.0,0.0,0.0,0.0,0.0,0.0,0.0,0.0
"Ammonia [kg]","water / ocean",0.0,5.618417988976972E-13,0.0,0.0,0.0,0.0,0.0,0.0,0.0,0.0,0.0,0.0,0.0,0.0,0.0,0.0,0.0,0.0,0.0,0.0,0.0
"Anthracene [kg]","water / fresh water",0.0,1.536974367250625E-13,0.0,0.0,0.0,0.0,0.0,0.0,0.0,0.0,0.0,0.0,0.0,0.0,0.0,0.0,0.0,0.0,0.0,0.0,0.0
"Dioxins, measured as 2,3,7,8-tetrachlorodibenzo-p-dioxin [kg]","water / fresh water",0.0,1.6540928429843825E-23,0.0,0.0,0.0,0.0,0.0,0.0,0.0,0.0,0.0,0.0,0.0,0.0,0.0,0.0,0.0,0.0,0.0,0.0,0.0
"Carbon dioxide [kg]","air / unspecified",0.0,0.007968453152712775,0.0,0.0,0.0,0.0,0.0,0.0,0.0,0.0,0.0,0.0,0.0,0.0,0.0,0.0,0.0,0.0,0.0,0.0,0.0
"Oxygen, in air [kg]","resource / in air",0.0,2.5320927804554425E-5,0.0,0.0,0.0,0.0,0.0,0.0,0.0,0.0,0.0,0.0,0.0,0.0,0.0,0.0,0.0,0.0,0.0,0.0,0.0
"Chrysene [kg]","water / fresh water",0.0,5.5890341754731814E-14,0.0,0.0,0.0,0.0,0.0,0.0,0.0,0.0,0.0,0.0,0.0,0.0,0.0,0.0,0.0,0.0,0.0,0.0,0.0
"Water vapour [kg]","air / unspecified",0.0,0.013226791049634872,0.0,0.0,0.0,0.0,0.0,0.0,0.0,0.0,0.0,0.0,0.0,0.0,0.0,0.0,0.0,0.0,0.0,0.0,0.0
"Particulates, < 10 um [kg]","water / fresh water",0.0,7.0618186200984394E-12,0.0,0.0,0.0,0.0,0.0,0.0,0.0,0.0,0.0,0.0,0.0,0.0,0.0,0.0,0.0,0.0,0.0,0.0,0.0
"Nitrate [kg]","water / ocean",0.0,1.8953393783611296E-10,0.0,0.0,0.0,0.0,0.0,0.0,0.0,0.0,0.0,0.0,0.0,0.0,0.0,0.0,0.0,0.0,0.0,0.0,0.0
"Magnesite [kg]","resource / in ground",0.0,-3.470077621642799E-12,0.0,0.0,0.0,0.0,0.0,0.0,0.0,0.0,0.0,0.0,0.0,0.0,0.0,0.0,0.0,0.0,0.0,0.0,0.0
"Carbon dioxide, in air [kg]","resource / in air",0.0,-3.637050118105076E-5,0.0,0.0,0.0,0.0,0.0,0.0,0.0,0.0,0.0,0.0,0.0,0.0,0.0,0.0,0.0,0.0,0.0,0.0,0.0
"Uranium-238 [kBq]","air / unspecified",0.0,6.984990041620223E-7,0.0,0.0,0.0,0.0,0.0,0.0,0.0,0.0,0.0,0.0,0.0,0.0,0.0,0.0,0.0,0.0,0.0,0.0,0.0
"Antimony [kg]","water / fresh water",0.0,1.8893608202426625E-16,0.0,0.0,0.0,0.0,0.0,0.0,0.0,0.0,0.0,0.0,0.0,0.0,0.0,0.0,0.0,0.0,0.0,0.0,0.0
"Palladium [kg]","resource / in ground",0.0,-7.623735561179194E-14,0.0,0.0,0.0,0.0,0.0,0.0,0.0,0.0,0.0,0.0,0.0,0.0,0.0,0.0,0.0,0.0,0.0,0.0,0.0
"Xenon-135 [kBq]","air / unspecified",0.0,9.691306483978E-5,0.0,0.0,0.0,0.0,0.0,0.0,0.0,0.0,0.0,0.0,0.0,0.0,0.0,0.0,0.0,0.0,0.0,0.0,0.0
"Sulfur [kg]","resource / in ground",0.0,-4.594251988611189E-12,0.0,0.0,0.0,0.0,0.0,0.0,0.0,0.0,0.0,0.0,0.0,0.0,0.0,0.0,0.0,0.0,0.0,0.0,0.0
"Methane, dichlorodifluoro-, CFC-12 [kg]","air / unspecified",0.0,7.970886908871795E-11,0.0,0.0,0.0,0.0,0.0,0.0,0.0,0.0,0.0,0.0,0.0,0.0,0.0,0.0,0.0,0.0,0.0,0.0,0.0
"Fluoranthene [kg]","air / unspecified",0.0,1.572280670828474E-13,0.0,0.0,0.0,0.0,0.0,0.0,0.0,0.0,0.0,0.0,0.0,0.0,0.0,0.0,0.0,0.0,0.0,0.0,0.0
"Hydrocarbons, unspecified [kg]","water / fresh water",0.0,5.074220632433647E-10,0.0,0.0,0.0,0.0,0.0,0.0,0.0,0.0,0.0,0.0,0.0,0.0,0.0,0.0,0.0,0.0,0.0,0.0,0.0
"Propane [kg]","air / unspecified",0.0,2.2179163526823035E-7,0.0,0.0,0.0,0.0,0.0,0.0,0.0,0.0,0.0,0.0,0.0,0.0,0.0,0.0,0.0,0.0,0.0,0.0,0.0
"Fluoride [kg]","air / unspecified",0.0,1.5565628550329944E-9,0.0,0.0,0.0,0.0,0.0,0.0,0.0,0.0,0.0,0.0,0.0,0.0,0.0,0.0,0.0,0.0,0.0,0.0,0.0
"Phosphate [kg]","water / fresh water",0.0,9.609636085724581E-9,0.0,0.0,0.0,0.0,0.0,0.0,0.0,0.0,0.0,0.0,0.0,0.0,0.0,0.0,0.0,0.0,0.0,0.0,0.0
"Cobalt-58 [kBq]","water / fresh water",0.0,2.280301485118855E-8,0.0,0.0,0.0,0.0,0.0,0.0,0.0,0.0,0.0,0.0,0.0,0.0,0.0,0.0,0.0,0.0,0.0,0.0,0.0
"Cadmium [kg]","water / ocean",0.0,4.089464392556898E-11,0.0,0.0,0.0,0.0,0.0,0.0,0.0,0.0,0.0,0.0,0.0,0.0,0.0,0.0,0.0,0.0,0.0,0.0,0.0
"Chrysene [kg]","water / ocean",0.0,4.167469394494544E-12,0.0,0.0,0.0,0.0,0.0,0.0,0.0,0.0,0.0,0.0,0.0,0.0,0.0,0.0,0.0,0.0,0.0,0.0,0.0
"Pentane [kg]","air / unspecified",0.0,4.7029433084788494E-8,0.0,0.0,0.0,0.0,0.0,0.0,0.0,0.0,0.0,0.0,0.0,0.0,0.0,0.0,0.0,0.0,0.0,0.0,0.0
"Copper [kg]","resource / in ground",0.0,-9.468791973500181E-8,0.0,0.0,0.0,0.0,0.0,0.0,0.0,0.0,0.0,0.0,0.0,0.0,0.0,0.0,0.0,0.0,0.0,0.0,0.0
"Cresol [kg]","water / fresh water",0.0,5.5260298046622086E-15,0.0,0.0,0.0,0.0,0.0,0.0,0.0,0.0,0.0,0.0,0.0,0.0,0.0,0.0,0.0,0.0,0.0,0.0,0.0
"Toluene [kg]","water / fresh water",0.0,1.4006617192782063E-10,0.0,0.0,0.0,0.0,0.0,0.0,0.0,0.0,0.0,0.0,0.0,0.0,0.0,0.0,0.0,0.0,0.0,0.0,0.0
"Hydrogen-3, Tritium [kBq]","air / unspecified",0.0,2.5285796759595626E-4,0.0,0.0,0.0,0.0,0.0,0.0,0.0,0.0,0.0,0.0,0.0,0.0,0.0,0.0,0.0,0.0,0.0,0.0,0.0
"Ethene, chloro- [kg]","water / fresh water",0.0,7.283193161656116E-16,0.0,0.0,0.0,0.0,0.0,0.0,0.0,0.0,0.0,0.0,0.0,0.0,0.0,0.0,0.0,0.0,0.0,0.0,0.0
"Sulfate [kg]","soil / unspecified",0.0,1.9011599505442833E-9,0.0,0.0,0.0,0.0,0.0,0.0,0.0,0.0,0.0,0.0,0.0,0.0,0.0,0.0,0.0,0.0,0.0,0.0,0.0
"Ethane, 1,2-dichloro-1,1,2,2-tetrafluoro-, CFC-114 [kg]","air / unspecified",0.0,3.796726343319397E-10,0.0,0.0,0.0,0.0,0.0,0.0,0.0,0.0,0.0,0.0,0.0,0.0,0.0,0.0,0.0,0.0,0.0,0.0,0.0
"Xenon-137 [kBq]","air / unspecified",0.0,2.5404111768279036E-8,0.0,0.0,0.0,0.0,0.0,0.0,0.0,0.0,0.0,0.0,0.0,0.0,0.0,0.0,0.0,0.0,0.0,0.0,0.0
"Heptane [kg]","air / unspecified",0.0,8.04966265966176E-10,0.0,0.0,0.0,0.0,0.0,0.0,0.0,0.0,0.0,0.0,0.0,0.0,0.0,0.0,0.0,0.0,0.0,0.0,0.0
"Iron [kg]","air / unspecified",0.0,7.335989244343807E-11,0.0,0.0,0.0,0.0,0.0,0.0,0.0,0.0,0.0,0.0,0.0,0.0,0.0,0.0,0.0,0.0,0.0,0.0,0.0
"Chromium [kg]","soil / unspecified",0.0,1.1489601960575081E-10,0.0,0.0,0.0,0.0,0.0,0.0,0.0,0.0,0.0,0.0,0.0,0.0,0.0,0.0,0.0,0.0,0.0,0.0,0.0
"Barium [kg]","air / unspecified",0.0,3.3777406690362426E-9,0.0,0.0,0.0,0.0,0.0,0.0,0.0,0.0,0.0,0.0,0.0,0.0,0.0,0.0,0.0,0.0,0.0,0.0,0.0
"biomass;  14.7 MJ/kg [kWh]","resource / biotic",0.0,-1.0638835004793233E-11,0.0,0.0,0.0,0.0,0.0,0.0,0.0,0.0,0.0,0.0,0.0,0.0,0.0,0.0,0.0,0.0,0.0,0.0,0.0
"Tellurium [kg]","air / unspecified",0.0,1.6775639267449303E-14,0.0,0.0,0.0,0.0,0.0,0.0,0.0,0.0,0.0,0.0,0.0,0.0,0.0,0.0,0.0,0.0,0.0,0.0,0.0
"Lead [kg]","water / ocean",0.0,1.6442928360293212E-11,0.0,0.0,0.0,0.0,0.0,0.0,0.0,0.0,0.0,0.0,0.0,0.0,0.0,0.0,0.0,0.0,0.0,0.0,0.0
"Oxygen, in air [kg]","air / unspecified",0.0,1.9053692309156447E-6,0.0,0.0,0.0,0.0,0.0,0.0,0.0,0.0,0.0,0.0,0.0,0.0,0.0,0.0,0.0,0.0,0.0,0.0,0.0
"Mercury [kg]","water / fresh water",0.0,4.081934227096947E-11,0.0,0.0,0.0,0.0,0.0,0.0,0.0,0.0,0.0,0.0,0.0,0.0,0.0,0.0,0.0,0.0,0.0,0.0,0.0
"Arsenic [kg]","water / ocean",0.0,4.09918725941486E-11,0.0,0.0,0.0,0.0,0.0,0.0,0.0,0.0,0.0,0.0,0.0,0.0,0.0,0.0,0.0,0.0,0.0,0.0,0.0
"Ethene, chloro- [kg]","air / unspecified",0.0,6.592272989162697E-12,0.0,0.0,0.0,0.0,0.0,0.0,0.0,0.0,0.0,0.0,0.0,0.0,0.0,0.0,0.0,0.0,0.0,0.0,0.0
"Ethane, 1,2-dibromo- [kg]","water / fresh water",0.0,3.479239841646332E-16,0.0,0.0,0.0,0.0,0.0,0.0,0.0,0.0,0.0,0.0,0.0,0.0,0.0,0.0,0.0,0.0,0.0,0.0,0.0
"Clay, bentonite, in ground [kg]","resource / in ground",0.0,-1.6043430617745717E-6,0.0,0.0,0.0,0.0,0.0,0.0,0.0,0.0,0.0,0.0,0.0,0.0,0.0,0.0,0.0,0.0,0.0,0.0,0.0
"Decane [kg]","water / fresh water",0.0,1.2672656275351462E-9,0.0,0.0,0.0,0.0,0.0,0.0,0.0,0.0,0.0,0.0,0.0,0.0,0.0,0.0,0.0,0.0,0.0,0.0,0.0
"Cobalt [kg]","water / ocean",0.0,5.907958507989973E-11,0.0,0.0,0.0,0.0,0.0,0.0,0.0,0.0,0.0,0.0,0.0,0.0,0.0,0.0,0.0,0.0,0.0,0.0,0.0
"Benzo(k)fluoranthene [kg]","air / unspecified",0.0,4.3338505670272113E-14,0.0,0.0,0.0,0.0,0.0,0.0,0.0,0.0,0.0,0.0,0.0,0.0,0.0,0.0,0.0,0.0,0.0,0.0,0.0
"Particulates, < 2.5 um [kg]","air / unspecified",0.0,3.9633122275089083E-7,0.0,0.0,0.0,0.0,0.0,0.0,0.0,0.0,0.0,0.0,0.0,0.0,0.0,0.0,0.0,0.0,0.0,0.0,0.0
"Octane [kg]","air / unspecified",0.0,4.428317391839995E-10,0.0,0.0,0.0,0.0,0.0,0.0,0.0,0.0,0.0,0.0,0.0,0.0,0.0,0.0,0.0,0.0,0.0,0.0,0.0
"Strontium [kg]","soil / unspecified",0.0,3.707330315030818E-8,0.0,0.0,0.0,0.0,0.0,0.0,0.0,0.0,0.0,0.0,0.0,0.0,0.0,0.0,0.0,0.0,0.0,0.0,0.0
"Iron [kg]","water / fresh water",0.0,2.2220413132872775E-6,0.0,0.0,0.0,0.0,0.0,0.0,0.0,0.0,0.0,0.0,0.0,0.0,0.0,0.0,0.0,0.0,0.0,0.0,0.0
"Sulfide [kg]","water / ocean",0.0,2.62622081224275E-8,0.0,0.0,0.0,0.0,0.0,0.0,0.0,0.0,0.0,0.0,0.0,0.0,0.0,0.0,0.0,0.0,0.0,0.0,0.0
"Benzo(ghi)perylene [kg]","air / unspecified",0.0,2.1669252835136006E-14,0.0,0.0,0.0,0.0,0.0,0.0,0.0,0.0,0.0,0.0,0.0,0.0,0.0,0.0,0.0,0.0,0.0,0.0,0.0
"Slate, in ground [kg]","resource / in ground",0.0,-1.5731963421467E-17,0.0,0.0,0.0,0.0,0.0,0.0,0.0,0.0,0.0,0.0,0.0,0.0,0.0,0.0,0.0,0.0,0.0,0.0,0.0
"Fluorine [kg]","air / unspecified",0.0,9.035660390690009E-12,0.0,0.0,0.0,0.0,0.0,0.0,0.0,0.0,0.0,0.0,0.0,0.0,0.0,0.0,0.0,0.0,0.0,0.0,0.0
"Cyclohexane [kg]","air / unspecified",0.0,1.4811621040151526E-12,0.0,0.0,0.0,0.0,0.0,0.0,0.0,0.0,0.0,0.0,0.0,0.0,0.0,0.0,0.0,0.0,0.0,0.0,0.0
"Xylene [kg]","water / fresh water",0.0,3.0884908522751554E-10,0.0,0.0,0.0,0.0,0.0,0.0,0.0,0.0,0.0,0.0,0.0,0.0,0.0,0.0,0.0,0.0,0.0,0.0,0.0
"Fluoranthene [kg]","water / ocean",0.0,8.634511703716031E-13,0.0,0.0,0.0,0.0,0.0,0.0,0.0,0.0,0.0,0.0,0.0,0.0,0.0,0.0,0.0,0.0,0.0,0.0,0.0
"Mercury [kg]","soil / unspecified",0.0,2.295882402223703E-15,0.0,0.0,0.0,0.0,0.0,0.0,0.0,0.0,0.0,0.0,0.0,0.0,0.0,0.0,0.0,0.0,0.0,0.0,0.0
"Xenon-131m [kBq]","air / unspecified",0.0,1.7910412327005163E-6,0.0,0.0,0.0,0.0,0.0,0.0,0.0,0.0,0.0,0.0,0.0,0.0,0.0,0.0,0.0,0.0,0.0,0.0,0.0
"Copper [kg]","water / fresh water",0.0,3.992350823552837E-9,0.0,0.0,0.0,0.0,0.0,0.0,0.0,0.0,0.0,0.0,0.0,0.0,0.0,0.0,0.0,0.0,0.0,0.0,0.0
"Boron [kg]","water / ocean",0.0,3.057277569180794E-13,0.0,0.0,0.0,0.0,0.0,0.0,0.0,0.0,0.0,0.0,0.0,0.0,0.0,0.0,0.0,0.0,0.0,0.0,0.0
"Chromium [kg]","resource / in ground",0.0,-3.6674767629571503E-9,0.0,0.0,0.0,0.0,0.0,0.0,0.0,0.0,0.0,0.0,0.0,0.0,0.0,0.0,0.0,0.0,0.0,0.0,0.0
"Chromium [kg]","water / ocean",0.0,1.174540654192422E-10,0.0,0.0,0.0,0.0,0.0,0.0,0.0,0.0,0.0,0.0,0.0,0.0,0.0,0.0,0.0,0.0,0.0,0.0,0.0
"Rhodium [kg]","resource / in ground",0.0,-2.549495983121619E-15,0.0,0.0,0.0,0.0,0.0,0.0,0.0,0.0,0.0,0.0,0.0,0.0,0.0,0.0,0.0,0.0,0.0,0.0,0.0
"Boron [kg]","air / unspecified",0.0,8.629009123274204E-9,0.0,0.0,0.0,0.0,0.0,0.0,0.0,0.0,0.0,0.0,0.0,0.0,0.0,0.0,0.0,0.0,0.0,0.0,0.0
"Zinc [kg]","water / ocean",0.0,1.1854491624325989E-9,0.0,0.0,0.0,0.0,0.0,0.0,0.0,0.0,0.0,0.0,0.0,0.0,0.0,0.0,0.0,0.0,0.0,0.0,0.0
"Cyanide [kg]","air / unspecified",0.0,1.1978297457129662E-11,0.0,0.0,0.0,0.0,0.0,0.0,0.0,0.0,0.0,0.0,0.0,0.0,0.0,0.0,0.0,0.0,0.0,0.0,0.0
"Calcium chloride [kg]","resource / in ground",0.0,-1.7848473578415158E-14,0.0,0.0,0.0,0.0,0.0,0.0,0.0,0.0,0.0,0.0,0.0,0.0,0.0,0.0,0.0,0.0,0.0,0.0,0.0
"Sodium sulphate, various forms, in ground [kg]","resource / in ground",0.0,-4.8581505185763526E-8,0.0,0.0,0.0,0.0,0.0,0.0,0.0,0.0,0.0,0.0,0.0,0.0,0.0,0.0,0.0,0.0,0.0,0.0,0.0
"Nitrogen monoxide [kg]","air / unspecified",0.0,3.626743873459639E-14,0.0,0.0,0.0,0.0,0.0,0.0,0.0,0.0,0.0,0.0,0.0,0.0,0.0,0.0,0.0,0.0,0.0,0.0,0.0
"Nitrogen [kg]","water / fresh water",0.0,2.6448809219214283E-7,0.0,0.0,0.0,0.0,0.0,0.0,0.0,0.0,0.0,0.0,0.0,0.0,0.0,0.0,0.0,0.0,0.0,0.0,0.0
"Calcium [kg]","soil / unspecified",0.0,1.1757160156208002E-9,0.0,0.0,0.0,0.0,0.0,0.0,0.0,0.0,0.0,0.0,0.0,0.0,0.0,0.0,0.0,0.0,0.0,0.0,0.0
"Sulfur [kg]","water / ocean",0.0,1.6359116817546264E-13,0.0,0.0,0.0,0.0,0.0,0.0,0.0,0.0,0.0,0.0,0.0,0.0,0.0,0.0,0.0,0.0,0.0,0.0,0.0
"Benzo(a)anthracene [kg]","water / fresh water",0.0,1.2763751093442375E-14,0.0,0.0,0.0,0.0,0.0,0.0,0.0,0.0,0.0,0.0,0.0,0.0,0.0,0.0,0.0,0.0,0.0,0.0,0.0
"Carbon disulfide [kg]","air / unspecified",0.0,6.461445420200338E-14,0.0,0.0,0.0,0.0,0.0,0.0,0.0,0.0,0.0,0.0,0.0,0.0,0.0,0.0,0.0,0.0,0.0,0.0,0.0
"Methane, monochloro-, R-40 [kg]","water / fresh water",0.0,9.023419810850302E-12,0.0,0.0,0.0,0.0,0.0,0.0,0.0,0.0,0.0,0.0,0.0,0.0,0.0,0.0,0.0,0.0,0.0,0.0,0.0
"Vanadium [kg]","air / unspecified",0.0,1.2417096826599774E-9,0.0,0.0,0.0,0.0,0.0,0.0,0.0,0.0,0.0,0.0,0.0,0.0,0.0,0.0,0.0,0.0,0.0,0.0,0.0
"Gypsum, in ground [kg]","resource / in ground",0.0,-1.6276410585084068E-7,0.0,0.0,0.0,0.0,0.0,0.0,0.0,0.0,0.0,0.0,0.0,0.0,0.0,0.0,0.0,0.0,0.0,0.0,0.0
"Strontium-90 [kBq]","water / fresh water",0.0,2.846188756656102E-6,0.0,0.0,0.0,0.0,0.0,0.0,0.0,0.0,0.0,0.0,0.0,0.0,0.0,0.0,0.0,0.0,0.0,0.0,0.0
"Mercury [kg]","water / ocean",0.0,5.14298809762123E-13,0.0,0.0,0.0,0.0,0.0,0.0,0.0,0.0,0.0,0.0,0.0,0.0,0.0,0.0,0.0,0.0,0.0,0.0,0.0
"Bromine [kg]","water / fresh water",0.0,2.0846545972053524E-13,0.0,0.0,0.0,0.0,0.0,0.0,0.0,0.0,0.0,0.0,0.0,0.0,0.0,0.0,0.0,0.0,0.0,0.0,0.0
"Zinc oxide [kg]","air / unspecified",0.0,1.9892050912310943E-16,0.0,0.0,0.0,0.0,0.0,0.0,0.0,0.0,0.0,0.0,0.0,0.0,0.0,0.0,0.0,0.0,0.0,0.0,0.0
"Sand, quartz, in ground [kg]","resource / in ground",0.0,-2.1592364914524252E-6,0.0,0.0,0.0,0.0,0.0,0.0,0.0,0.0,0.0,0.0,0.0,0.0,0.0,0.0,0.0,0.0,0.0,0.0,0.0
"Naphthalene [kg]","water / ocean",0.0,1.0292434362507193E-10,0.0,0.0,0.0,0.0,0.0,0.0,0.0,0.0,0.0,0.0,0.0,0.0,0.0,0.0,0.0,0.0,0.0,0.0,0.0
"Air [kg]","resource / in air",0.0,-0.16897881515257754,0.0,0.0,0.0,0.0,0.0,0.0,0.0,0.0,0.0,0.0,0.0,0.0,0.0,0.0,0.0,0.0,0.0,0.0,0.0
"Nickel [kg]","water / ocean",0.0,5.0431579206256575E-11,0.0,0.0,0.0,0.0,0.0,0.0,0.0,0.0,0.0,0.0,0.0,0.0,0.0,0.0,0.0,0.0,0.0,0.0,0.0
"Manganese-54 [kBq]","water / fresh water",0.0,1.9820553459290005E-6,0.0,0.0,0.0,0.0,0.0,0.0,0.0,0.0,0.0,0.0,0.0,0.0,0.0,0.0,0.0,0.0,0.0,0.0,0.0
"Acenaphthene [kg]","water / fresh water",0.0,9.90792552617928E-14,0.0,0.0,0.0,0.0,0.0,0.0,0.0,0.0,0.0,0.0,0.0,0.0,0.0,0.0,0.0,0.0,0.0,0.0,0.0
"Sulfur hexafluoride [kg]","air / unspecified",0.0,7.889982324063355E-14,0.0,0.0,0.0,0.0,0.0,0.0,0.0,0.0,0.0,0.0,0.0,0.0,0.0,0.0,0.0,0.0,0.0,0.0,0.0
"Heat, waste [kWh]","air / unspecified",0.0,0.013470660273127478,0.0,0.0,0.0,0.0,0.0,0.0,0.0,0.0,0.0,0.0,0.0,0.0,0.0,0.0,0.0,0.0,0.0,0.0,0.0
"Bromine [kg]","air / unspecified",0.0,2.734669934526257E-9,0.0,0.0,0.0,0.0,0.0,0.0,0.0,0.0,0.0,0.0,0.0,0.0,0.0,0.0,0.0,0.0,0.0,0.0,0.0
"Iron [kg]","soil / unspecified",0.0,1.6600437155412945E-10,0.0,0.0,0.0,0.0,0.0,0.0,0.0,0.0,0.0,0.0,0.0,0.0,0.0,0.0,0.0,0.0,0.0,0.0,0.0
"Basalt, in ground [kg]","resource / in ground",0.0,-1.4417808898603393E-6,0.0,0.0,0.0,0.0,0.0,0.0,0.0,0.0,0.0,0.0,0.0,0.0,0.0,0.0,0.0,0.0,0.0,0.0,0.0
"Tin [kg]","resource / in ground",0.0,-1.5117925396733002E-20,0.0,0.0,0.0,0.0,0.0,0.0,0.0,0.0,0.0,0.0,0.0,0.0,0.0,0.0,0.0,0.0,0.0,0.0,0.0
"Barite [kg]","resource / in ground",0.0,-3.9357510080856865E-6,0.0,0.0,0.0,0.0,0.0,0.0,0.0,0.0,0.0,0.0,0.0,0.0,0.0,0.0,0.0,0.0,0.0,0.0,0.0
"Soil [kg]","resource / in ground",0.0,-3.012673478027011E-5,0.0,0.0,0.0,0.0,0.0,0.0,0.0,0.0,0.0,0.0,0.0,0.0,0.0,0.0,0.0,0.0,0.0,0.0,0.0
"Benzo(k)fluoranthene [kg]","water / fresh water",0.0,6.334408357100417E-15,0.0,0.0,0.0,0.0,0.0,0.0,0.0,0.0,0.0,0.0,0.0,0.0,0.0,0.0,0.0,0.0,0.0,0.0,0.0
"Pumice, in ground [kg]","resource / in ground",0.0,-5.767010146896454E-10,0.0,0.0,0.0,0.0,0.0,0.0,0.0,0.0,0.0,0.0,0.0,0.0,0.0,0.0,0.0,0.0,0.0,0.0,0.0
"PAH, polycyclic aromatic hydrocarbons [kg]","water / fresh water",0.0,3.523348885330034E-10,0.0,0.0,0.0,0.0,0.0,0.0,0.0,0.0,0.0,0.0,0.0,0.0,0.0,0.0,0.0,0.0,0.0,0.0,0.0
"Iodine-129 [kBq]","air / unspecified",0.0,1.2723413907616363E-7,0.0,0.0,0.0,0.0,0.0,0.0,0.0,0.0,0.0,0.0,0.0,0.0,0.0,0.0,0.0,0.0,0.0,0.0,0.0
"Sulfite [kg]","water / fresh water",0.0,2.217614731307793E-9,0.0,0.0,0.0,0.0,0.0,0.0,0.0,0.0,0.0,0.0,0.0,0.0,0.0,0.0,0.0,0.0,0.0,0.0,0.0
"Benzo(a)anthracene [kg]","water / ocean",0.0,7.367455322600832E-13,0.0,0.0,0.0,0.0,0.0,0.0,0.0,0.0,0.0,0.0,0.0,0.0,0.0,0.0,0.0,0.0,0.0,0.0,0.0
"Water, salt, ocean [m3]","resource / in water",0.0,-8.441515122543836E-9,0.0,0.0,0.0,0.0,0.0,0.0,0.0,0.0,0.0,0.0,0.0,0.0,0.0,0.0,0.0,0.0,0.0,0.0,0.0
"Tin [kg]","air / unspecified",0.0,2.04756318889852E-10,0.0,0.0,0.0,0.0,0.0,0.0,0.0,0.0,0.0,0.0,0.0,0.0,0.0,0.0,0.0,0.0,0.0,0.0,0.0
"TOC, Total Organic Carbon [kg]","water / ocean",0.0,3.670885027241496E-10,0.0,0.0,0.0,0.0,0.0,0.0,0.0,0.0,0.0,0.0,0.0,0.0,0.0,0.0,0.0,0.0,0.0,0.0,0.0
"Acetic acid [kg]","water / fresh water",0.0,4.793401012406292E-10,0.0,0.0,0.0,0.0,0.0,0.0,0.0,0.0,0.0,0.0,0.0,0.0,0.0,0.0,0.0,0.0,0.0,0.0,0.0
"Particulates, < 10 um [kg]","air / unspecified",0.0,6.540503119052993E-8,0.0,0.0,0.0,0.0,0.0,0.0,0.0,0.0,0.0,0.0,0.0,0.0,0.0,0.0,0.0,0.0,0.0,0.0,0.0
"Hydrogen fluoride [kg]","water / fresh water",0.0,2.759374155160051E-13,0.0,0.0,0.0,0.0,0.0,0.0,0.0,0.0,0.0,0.0,0.0,0.0,0.0,0.0,0.0,0.0,0.0,0.0,0.0
"Antimony-124 [kBq]","water / fresh water",0.0,6.099812727258779E-10,0.0,0.0,0.0,0.0,0.0,0.0,0.0,0.0,0.0,0.0,0.0,0.0,0.0,0.0,0.0,0.0,0.0,0.0,0.0
"Sodium [kg]","soil / unspecified",0.0,1.0281359948479053E-10,0.0,0.0,0.0,0.0,0.0,0.0,0.0,0.0,0.0,0.0,0.0,0.0,0.0,0.0,0.0,0.0,0.0,0.0,0.0
"AOX, Adsorbable Organic Halogen as Cl [kg]","water / ocean",0.0,3.327801257200523E-16,0.0,0.0,0.0,0.0,0.0,0.0,0.0,0.0,0.0,0.0,0.0,0.0,0.0,0.0,0.0,0.0,0.0,0.0,0.0
"Fluorspar [kg]","resource / in ground",0.0,-2.307706884591405E-10,0.0,0.0,0.0,0.0,0.0,0.0,0.0,0.0,0.0,0.0,0.0,0.0,0.0,0.0,0.0,0.0,0.0,0.0,0.0
"Cesium-137 [kBq]","water / fresh water",0.0,2.757518448898547E-5,0.0,0.0,0.0,0.0,0.0,0.0,0.0,0.0,0.0,0.0,0.0,0.0,0.0,0.0,0.0,0.0,0.0,0.0,0.0
"Kaolin [kg]","resource / in ground",0.0,-5.937191061309089E-9,0.0,0.0,0.0,0.0,0.0,0.0,0.0,0.0,0.0,0.0,0.0,0.0,0.0,0.0,0.0,0.0,0.0,0.0,0.0
"Molybdenum [kg]","air / unspecified",0.0,3.3827040593119115E-12,0.0,0.0,0.0,0.0,0.0,0.0,0.0,0.0,0.0,0.0,0.0,0.0,0.0,0.0,0.0,0.0,0.0,0.0,0.0
"Phenanthrene [kg]","air / unspecified",0.0,1.5924381153262742E-12,0.0,0.0,0.0,0.0,0.0,0.0,0.0,0.0,0.0,0.0,0.0,0.0,0.0,0.0,0.0,0.0,0.0,0.0,0.0
"Benzene, ethyl- [kg]","water / ocean",0.0,7.806495105559458E-11,0.0,0.0,0.0,0.0,0.0,0.0,0.0,0.0,0.0,0.0,0.0,0.0,0.0,0.0,0.0,0.0,0.0,0.0,0.0
"Zinc [kg]","soil / unspecified",0.0,1.2989673148980644E-11,0.0,0.0,0.0,0.0,0.0,0.0,0.0,0.0,0.0,0.0,0.0,0.0,0.0,0.0,0.0,0.0,0.0,0.0,0.0
"Beryllium [kg]","water / fresh water",0.0,1.3029756092920416E-12,0.0,0.0,0.0,0.0,0.0,0.0,0.0,0.0,0.0,0.0,0.0,0.0,0.0,0.0,0.0,0.0,0.0,0.0,0.0
"Diethylamine [kg]","air / unspecified",0.0,2.7074978941454582E-18,0.0,0.0,0.0,0.0,0.0,0.0,0.0,0.0,0.0,0.0,0.0,0.0,0.0,0.0,0.0,0.0,0.0,0.0,0.0
"Butane [kg]","air / unspecified",0.0,7.19460331468255E-8,0.0,0.0,0.0,0.0,0.0,0.0,0.0,0.0,0.0,0.0,0.0,0.0,0.0,0.0,0.0,0.0,0.0,0.0,0.0
"Benzo(a)pyrene [kg]","air / unspecified",0.0,1.5562669613396991E-12,0.0,0.0,0.0,0.0,0.0,0.0,0.0,0.0,0.0,0.0,0.0,0.0,0.0,0.0,0.0,0.0,0.0,0.0,0.0
"Hydrogen chloride [kg]","water / fresh water",0.0,7.062482815665123E-13,0.0,0.0,0.0,0.0,0.0,0.0,0.0,0.0,0.0,0.0,0.0,0.0,0.0,0.0,0.0,0.0,0.0,0.0,0.0
"Hydrogen bromide [kg]","air / unspecified",0.0,1.3549376683162559E-11,0.0,0.0,0.0,0.0,0.0,0.0,0.0,0.0,0.0,0.0,0.0,0.0,0.0,0.0,0.0,0.0,0.0,0.0,0.0
"Water [kg]","resource / in water",0.0,-0.0020036325863704895,0.0,0.0,0.0,0.0,0.0,0.0,0.0,0.0,0.0,0.0,0.0,0.0,0.0,0.0,0.0,0.0,0.0,0.0,0.0
"Water, ground [kg]","resource / in water",0.0,-0.017814343512909416,0.0,0.0,0.0,0.0,0.0,0.0,0.0,0.0,0.0,0.0,0.0,0.0,0.0,0.0,0.0,0.0,0.0,0.0,0.0
"Copper [kg]","soil / unspecified",0.0,1.1586740716379239E-12,0.0,0.0,0.0,0.0,0.0,0.0,0.0,0.0,0.0,0.0,0.0,0.0,0.0,0.0,0.0,0.0,0.0,0.0,0.0
"Methanol [kg]","air / unspecified",0.0,1.0135887025535396E-9,0.0,0.0,0.0,0.0,0.0,0.0,0.0,0.0,0.0,0.0,0.0,0.0,0.0,0.0,0.0,0.0,0.0,0.0,0.0
"Hydrogen fluoride [kg]","air / unspecified",0.0,1.8354976608953572E-8,0.0,0.0,0.0,0.0,0.0,0.0,0.0,0.0,0.0,0.0,0.0,0.0,0.0,0.0,0.0,0.0,0.0,0.0,0.0
"Heat, waste [kWh]","water / fresh water",0.0,0.00158890321227241,0.0,0.0,0.0,0.0,0.0,0.0,0.0,0.0,0.0,0.0,0.0,0.0,0.0,0.0,0.0,0.0,0.0,0.0,0.0
"Argon-41 [kBq]","air / unspecified",0.0,1.2976799465599115E-4,0.0,0.0,0.0,0.0,0.0,0.0,0.0,0.0,0.0,0.0,0.0,0.0,0.0,0.0,0.0,0.0,0.0,0.0,0.0
"Uranium-235 [kBq]","air / unspecified",0.0,5.358511228203415E-7,0.0,0.0,0.0,0.0,0.0,0.0,0.0,0.0,0.0,0.0,0.0,0.0,0.0,0.0,0.0,0.0,0.0,0.0,0.0
"Acrylonitrile [kg]","water / fresh water",0.0,2.7270670437018225E-13,0.0,0.0,0.0,0.0,0.0,0.0,0.0,0.0,0.0,0.0,0.0,0.0,0.0,0.0,0.0,0.0,0.0,0.0,0.0
"Magnesium [kg]","water / fresh water",0.0,3.4266870633679524E-14,0.0,0.0,0.0,0.0,0.0,0.0,0.0,0.0,0.0,0.0,0.0,0.0,0.0,0.0,0.0,0.0,0.0,0.0,0.0
"Phosphorus [kg]","resource / in ground",0.0,-1.2722799168563782E-9,0.0,0.0,0.0,0.0,0.0,0.0,0.0,0.0,0.0,0.0,0.0,0.0,0.0,0.0,0.0,0.0,0.0,0.0,0.0
"Hexamethylene diamine [kg]","air / unspecified",0.0,4.645905255329805E-15,0.0,0.0,0.0,0.0,0.0,0.0,0.0,0.0,0.0,0.0,0.0,0.0,0.0,0.0,0.0,0.0,0.0,0.0,0.0
"Energy, primary, from geothermal [kWh]","resource / in ground",0.0,-2.0451409462282756E-5,0.0,0.0,0.0,0.0,0.0,0.0,0.0,0.0,0.0,0.0,0.0,0.0,0.0,0.0,0.0,0.0,0.0,0.0,0.0
"Phosphine [kg]","air / unspecified",0.0,1.1477065819592912E-15,0.0,0.0,0.0,0.0,0.0,0.0,0.0,0.0,0.0,0.0,0.0,0.0,0.0,0.0,0.0,0.0,0.0,0.0,0.0
"Acetic acid [kg]","air / unspecified",0.0,3.5136992286110645E-9,0.0,0.0,0.0,0.0,0.0,0.0,0.0,0.0,0.0,0.0,0.0,0.0,0.0,0.0,0.0,0.0,0.0,0.0,0.0
"Plutonium-alpha [kBq]","air / unspecified",0.0,1.247902012083028E-11,0.0,0.0,0.0,0.0,0.0,0.0,0.0,0.0,0.0,0.0,0.0,0.0,0.0,0.0,0.0,0.0,0.0,0.0,0.0
"Benzo(a)anthracene [kg]","air / unspecified",0.0,2.4289720619850214E-14,0.0,0.0,0.0,0.0,0.0,0.0,0.0,0.0,0.0,0.0,0.0,0.0,0.0,0.0,0.0,0.0,0.0,0.0,0.0
"Phosphate [kg]","soil / unspecified",0.0,3.358797425206603E-8,0.0,0.0,0.0,0.0,0.0,0.0,0.0,0.0,0.0,0.0,0.0,0.0,0.0,0.0,0.0,0.0,0.0,0.0,0.0
"crude oil; 42.3 MJ/kg [kWh]","resource / in ground",0.0,-0.00402222706495967,0.0,0.0,0.0,0.0,0.0,0.0,0.0,0.0,0.0,0.0,0.0,0.0,0.0,0.0,0.0,0.0,0.0,0.0,0.0
"Xenon-133 [kBq]","air / unspecified",0.0,2.931379701942919E-4,0.0,0.0,0.0,0.0,0.0,0.0,0.0,0.0,0.0,0.0,0.0,0.0,0.0,0.0,0.0,0.0,0.0,0.0,0.0
"Methane, trichlorofluoro-, CFC-11 [kg]","air / unspecified",0.0,3.707383088045073E-10,0.0,0.0,0.0,0.0,0.0,0.0,0.0,0.0,0.0,0.0,0.0,0.0,0.0,0.0,0.0,0.0,0.0,0.0,0.0
"Vanadium [kg]","water / ocean",0.0,4.051244991958788E-11,0.0,0.0,0.0,0.0,0.0,0.0,0.0,0.0,0.0,0.0,0.0,0.0,0.0,0.0,0.0,0.0,0.0,0.0,0.0
"Cobalt-60 [kBq]","water / fresh water",0.0,1.2784921825379283E-5,0.0,0.0,0.0,0.0,0.0,0.0,0.0,0.0,0.0,0.0,0.0,0.0,0.0,0.0,0.0,0.0,0.0,0.0,0.0
"Potassium chloride [kg]","resource / in ground",0.0,-1.8037874992366691E-12,0.0,0.0,0.0,0.0,0.0,0.0,0.0,0.0,0.0,0.0,0.0,0.0,0.0,0.0,0.0,0.0,0.0,0.0,0.0
"Strontium [kg]","water / fresh water",0.0,4.879843290454493E-9,0.0,0.0,0.0,0.0,0.0,0.0,0.0,0.0,0.0,0.0,0.0,0.0,0.0,0.0,0.0,0.0,0.0,0.0,0.0
"Lead [kg]","soil / unspecified",0.0,3.273865976248084E-14,0.0,0.0,0.0,0.0,0.0,0.0,0.0,0.0,0.0,0.0,0.0,0.0,0.0,0.0,0.0,0.0,0.0,0.0,0.0
"Platinum [kg]","resource / in ground",0.0,-9.158383628689293E-13,0.0,0.0,0.0,0.0,0.0,0.0,0.0,0.0,0.0,0.0,0.0,0.0,0.0,0.0,0.0,0.0,0.0,0.0,0.0
"Nitrogen dioxide [kg]","air / unspecified",0.0,1.5434338294976045E-5,0.0,0.0,0.0,0.0,0.0,0.0,0.0,0.0,0.0,0.0,0.0,0.0,0.0,0.0,0.0,0.0,0.0,0.0,0.0
"Bauxite [kg]","resource / in ground",0.0,-6.245105910754854E-8,0.0,0.0,0.0,0.0,0.0,0.0,0.0,0.0,0.0,0.0,0.0,0.0,0.0,0.0,0.0,0.0,0.0,0.0,0.0
"Lead [kg]","water / fresh water",0.0,1.2760901773282046E-9,0.0,0.0,0.0,0.0,0.0,0.0,0.0,0.0,0.0,0.0,0.0,0.0,0.0,0.0,0.0,0.0,0.0,0.0,0.0
"Hydrogen [kg]","air / unspecified",0.0,4.0605512235861047E-7,0.0,0.0,0.0,0.0,0.0,0.0,0.0,0.0,0.0,0.0,0.0,0.0,0.0,0.0,0.0,0.0,0.0,0.0,0.0
"Cobalt [kg]","soil / unspecified",0.0,2.01819174915282E-12,0.0,0.0,0.0,0.0,0.0,0.0,0.0,0.0,0.0,0.0,0.0,0.0,0.0,0.0,0.0,0.0,0.0,0.0,0.0
"Strontium [kg]","water / ocean",0.0,3.2352946375603443E-11,0.0,0.0,0.0,0.0,0.0,0.0,0.0,0.0,0.0,0.0,0.0,0.0,0.0,0.0,0.0,0.0,0.0,0.0,0.0
"Acetic acid [kg]","water / ocean",0.0,8.79835776865672E-12,0.0,0.0,0.0,0.0,0.0,0.0,0.0,0.0,0.0,0.0,0.0,0.0,0.0,0.0,0.0,0.0,0.0,0.0,0.0
"Particulates, > 10 um [kg]","water / ocean",0.0,2.921503179020144E-7,0.0,0.0,0.0,0.0,0.0,0.0,0.0,0.0,0.0,0.0,0.0,0.0,0.0,0.0,0.0,0.0,0.0,0.0,0.0
"Chlorine [kg]","water / fresh water",0.0,4.70242764024394E-8,0.0,0.0,0.0,0.0,0.0,0.0,0.0,0.0,0.0,0.0,0.0,0.0,0.0,0.0,0.0,0.0,0.0,0.0,0.0
"Bromide [kg]","soil / unspecified",0.0,1.729636463473431E-11,0.0,0.0,0.0,0.0,0.0,0.0,0.0,0.0,0.0,0.0,0.0,0.0,0.0,0.0,0.0,0.0,0.0,0.0,0.0
"Beryllium [kg]","water / ocean",0.0,3.3758866407873573E-12,0.0,0.0,0.0,0.0,0.0,0.0,0.0,0.0,0.0,0.0,0.0,0.0,0.0,0.0,0.0,0.0,0.0,0.0,0.0
"Calcium [kg]","water / fresh water",0.0,5.8592129380133035E-5,0.0,0.0,0.0,0.0,0.0,0.0,0.0,0.0,0.0,0.0,0.0,0.0,0.0,0.0,0.0,0.0,0.0,0.0,0.0
"Air, used [kg]","air / unspecified",0.0,0.039588139630454856,0.0,0.0,0.0,0.0,0.0,0.0,0.0,0.0,0.0,0.0,0.0,0.0,0.0,0.0,0.0,0.0,0.0,0.0,0.0
"Iron [kg]","water / ocean",0.0,7.260435826757568E-10,0.0,0.0,0.0,0.0,0.0,0.0,0.0,0.0,0.0,0.0,0.0,0.0,0.0,0.0,0.0,0.0,0.0,0.0,0.0
"Phenol [kg]","water / fresh water",0.0,2.463274377636102E-10,0.0,0.0,0.0,0.0,0.0,0.0,0.0,0.0,0.0,0.0,0.0,0.0,0.0,0.0,0.0,0.0,0.0,0.0,0.0
"Zinc [kg]","resource / in ground",0.0,-2.2842274074105392E-7,0.0,0.0,0.0,0.0,0.0,0.0,0.0,0.0,0.0,0.0,0.0,0.0,0.0,0.0,0.0,0.0,0.0,0.0,0.0
"Molybdenum [kg]","water / fresh water",0.0,1.0352858799542674E-9,0.0,0.0,0.0,0.0,0.0,0.0,0.0,0.0,0.0,0.0,0.0,0.0,0.0,0.0,0.0,0.0,0.0,0.0,0.0
"Sodium [kg]","water / fresh water",0.0,6.22434154033504E-4,0.0,0.0,0.0,0.0,0.0,0.0,0.0,0.0,0.0,0.0,0.0,0.0,0.0,0.0,0.0,0.0,0.0,0.0,0.0
"Silver [kg]","air / unspecified",0.0,1.0946818707344891E-19,0.0,0.0,0.0,0.0,0.0,0.0,0.0,0.0,0.0,0.0,0.0,0.0,0.0,0.0,0.0,0.0,0.0,0.0,0.0
"Particulates, > 10 um [kg]","water / fresh water",0.0,2.0537220327092295E-5,0.0,0.0,0.0,0.0,0.0,0.0,0.0,0.0,0.0,0.0,0.0,0.0,0.0,0.0,0.0,0.0,0.0,0.0,0.0
"Particulates, > 10 um [kg]","air / unspecified",0.0,3.6709100429645014E-14,0.0,0.0,0.0,0.0,0.0,0.0,0.0,0.0,0.0,0.0,0.0,0.0,0.0,0.0,0.0,0.0,0.0,0.0,0.0
"Hydrogen sulfide [kg]","air / unspecified",0.0,3.567891956643716E-8,0.0,0.0,0.0,0.0,0.0,0.0,0.0,0.0,0.0,0.0,0.0,0.0,0.0,0.0,0.0,0.0,0.0,0.0,0.0
"Lead dioxide [kg]","air / unspecified",0.0,1.1430402552611973E-15,0.0,0.0,0.0,0.0,0.0,0.0,0.0,0.0,0.0,0.0,0.0,0.0,0.0,0.0,0.0,0.0,0.0,0.0,0.0
"Copper [kg]","water / ocean",0.0,7.861026312869152E-11,0.0,0.0,0.0,0.0,0.0,0.0,0.0,0.0,0.0,0.0,0.0,0.0,0.0,0.0,0.0,0.0,0.0,0.0,0.0
"Iodine-131 [kBq]","water / fresh water",0.0,4.352420970611876E-10,0.0,0.0,0.0,0.0,0.0,0.0,0.0,0.0,0.0,0.0,0.0,0.0,0.0,0.0,0.0,0.0,0.0,0.0,0.0
"Fluorene [kg]","air / unspecified",0.0,4.988967513205737E-13,0.0,0.0,0.0,0.0,0.0,0.0,0.0,0.0,0.0,0.0,0.0,0.0,0.0,0.0,0.0,0.0,0.0,0.0,0.0
"Hexane [kg]","air / unspecified",0.0,1.2934569019115447E-9,0.0,0.0,0.0,0.0,0.0,0.0,0.0,0.0,0.0,0.0,0.0,0.0,0.0,0.0,0.0,0.0,0.0,0.0,0.0
"Toluene [kg]","water / ocean",0.0,3.3302325489875136E-10,0.0,0.0,0.0,0.0,0.0,0.0,0.0,0.0,0.0,0.0,0.0,0.0,0.0,0.0,0.0,0.0,0.0,0.0,0.0
"Thallium [kg]","water / fresh water",0.0,2.1364132654692202E-13,0.0,0.0,0.0,0.0,0.0,0.0,0.0,0.0,0.0,0.0,0.0,0.0,0.0,0.0,0.0,0.0,0.0,0.0,0.0
"Sodium chloride, in ground [kg]","resource / in ground",0.0,-0.0024929859700399746,0.0,0.0,0.0,0.0,0.0,0.0,0.0,0.0,0.0,0.0,0.0,0.0,0.0,0.0,0.0,0.0,0.0,0.0,0.0
"Phenol [kg]","air / unspecified",0.0,5.943091316815474E-14,0.0,0.0,0.0,0.0,0.0,0.0,0.0,0.0,0.0,0.0,0.0,0.0,0.0,0.0,0.0,0.0,0.0,0.0,0.0
"Olivine, in ground [kg]","resource / in ground",0.0,-9.354140412764175E-18,0.0,0.0,0.0,0.0,0.0,0.0,0.0,0.0,0.0,0.0,0.0,0.0,0.0,0.0,0.0,0.0,0.0,0.0,0.0
"Arsenic [kg]","water / fresh water",0.0,2.203007702108348E-10,0.0,0.0,0.0,0.0,0.0,0.0,0.0,0.0,0.0,0.0,0.0,0.0,0.0,0.0,0.0,0.0,0.0,0.0,0.0
"Palladium [kg]","air / unspecified",0.0,4.940334101109286E-19,0.0,0.0,0.0,0.0,0.0,0.0,0.0,0.0,0.0,0.0,0.0,0.0,0.0,0.0,0.0,0.0,0.0,0.0,0.0
"Chromium, ion [kg]","air / unspecified",0.0,1.2582906642744943E-13,0.0,0.0,0.0,0.0,0.0,0.0,0.0,0.0,0.0,0.0,0.0,0.0,0.0,0.0,0.0,0.0,0.0,0.0,0.0
"Polychlorinated biphenyls [kg]","air / unspecified",0.0,4.017618930897066E-14,0.0,0.0,0.0,0.0,0.0,0.0,0.0,0.0,0.0,0.0,0.0,0.0,0.0,0.0,0.0,0.0,0.0,0.0,0.0
"Sulfate [kg]","water / fresh water",0.0,8.867835884820694E-6,0.0,0.0,0.0,0.0,0.0,0.0,0.0,0.0,0.0,0.0,0.0,0.0,0.0,0.0,0.0,0.0,0.0,0.0,0.0
"VOC, volatile organic compounds, unspecified origin [kg]","water / fresh water",0.0,5.659286695252017E-11,0.0,0.0,0.0,0.0,0.0,0.0,0.0,0.0,0.0,0.0,0.0,0.0,0.0,0.0,0.0,0.0,0.0,0.0,0.0
"Titanium [kg]","water / fresh water",0.0,1.1317391550143611E-10,0.0,0.0,0.0,0.0,0.0,0.0,0.0,0.0,0.0,0.0,0.0,0.0,0.0,0.0,0.0,0.0,0.0,0.0,0.0
"Sodium [kg]","water / ocean",0.0,7.330909464084006E-9,0.0,0.0,0.0,0.0,0.0,0.0,0.0,0.0,0.0,0.0,0.0,0.0,0.0,0.0,0.0,0.0,0.0,0.0,0.0
"Tin oxide [kg]","air / unspecified",0.0,9.94602545615552E-17,0.0,0.0,0.0,0.0,0.0,0.0,0.0,0.0,0.0,0.0,0.0,0.0,0.0,0.0,0.0,0.0,0.0,0.0,0.0
"Krypton-85 [kBq]","air / unspecified",0.0,2.1937441436009815,0.0,0.0,0.0,0.0,0.0,0.0,0.0,0.0,0.0,0.0,0.0,0.0,0.0,0.0,0.0,0.0,0.0,0.0,0.0
"Fluorine [kg]","water / fresh water",0.0,7.715171692287074E-11,0.0,0.0,0.0,0.0,0.0,0.0,0.0,0.0,0.0,0.0,0.0,0.0,0.0,0.0,0.0,0.0,0.0,0.0,0.0
"Ruthenium-106 [kBq]","water / fresh water",0.0,5.8669103939629475E-8,0.0,0.0,0.0,0.0,0.0,0.0,0.0,0.0,0.0,0.0,0.0,0.0,0.0,0.0,0.0,0.0,0.0,0.0,0.0
"Decane [kg]","soil / forestry",0.0,2.102016293816255E-9,0.0,0.0,0.0,0.0,0.0,0.0,0.0,0.0,0.0,0.0,0.0,0.0,0.0,0.0,0.0,0.0,0.0,0.0,0.0
"Calcium [kg]","water / ocean",0.0,3.33886892423691E-11,0.0,0.0,0.0,0.0,0.0,0.0,0.0,0.0,0.0,0.0,0.0,0.0,0.0,0.0,0.0,0.0,0.0,0.0,0.0
"Cesium-134 [kBq]","water / fresh water",0.0,3.0118300733236816E-6,0.0,0.0,0.0,0.0,0.0,0.0,0.0,0.0,0.0,0.0,0.0,0.0,0.0,0.0,0.0,0.0,0.0,0.0,0.0
"Benzene, ethyl- [kg]","water / fresh water",0.0,1.622496617921674E-11,0.0,0.0,0.0,0.0,0.0,0.0,0.0,0.0,0.0,0.0,0.0,0.0,0.0,0.0,0.0,0.0,0.0,0.0,0.0
"Propionic acid [kg]","air / unspecified",0.0,3.106488619815175E-13,0.0,0.0,0.0,0.0,0.0,0.0,0.0,0.0,0.0,0.0,0.0,0.0,0.0,0.0,0.0,0.0,0.0,0.0,0.0
"Chlorine [kg]","air / unspecified",0.0,5.502848509299593E-9,0.0,0.0,0.0,0.0,0.0,0.0,0.0,0.0,0.0,0.0,0.0,0.0,0.0,0.0,0.0,0.0,0.0,0.0,0.0
"Titanium [kg]","water / ocean",0.0,5.873191119742037E-16,0.0,0.0,0.0,0.0,0.0,0.0,0.0,0.0,0.0,0.0,0.0,0.0,0.0,0.0,0.0,0.0,0.0,0.0,0.0
"Sulfate [kg]","air / unspecified",0.0,2.6996083788272373E-13,0.0,0.0,0.0,0.0,0.0,0.0,0.0,0.0,0.0,0.0,0.0,0.0,0.0,0.0,0.0,0.0,0.0,0.0,0.0
"Acenaphthene [kg]","water / ocean",0.0,3.2759802279406643E-12,0.0,0.0,0.0,0.0,0.0,0.0,0.0,0.0,0.0,0.0,0.0,0.0,0.0,0.0,0.0,0.0,0.0,0.0,0.0
"Hydrogen iodide [kg]","air / unspecified",0.0,1.4910186843790572E-14,0.0,0.0,0.0,0.0,0.0,0.0,0.0,0.0,0.0,0.0,0.0,0.0,0.0,0.0,0.0,0.0,0.0,0.0,0.0
"Manganese [kg]","resource / in ground",0.0,-7.086967426775024E-9,0.0,0.0,0.0,0.0,0.0,0.0,0.0,0.0,0.0,0.0,0.0,0.0,0.0,0.0,0.0,0.0,0.0,0.0,0.0
"Phenol [kg]","water / ocean",0.0,1.1322318180547446E-9,0.0,0.0,0.0,0.0,0.0,0.0,0.0,0.0,0.0,0.0,0.0,0.0,0.0,0.0,0.0,0.0,0.0,0.0,0.0
"Ethane [kg]","air / unspecified",0.0,2.2199552809378625E-7,0.0,0.0,0.0,0.0,0.0,0.0,0.0,0.0,0.0,0.0,0.0,0.0,0.0,0.0,0.0,0.0,0.0,0.0,0.0
"Methane, chlorotrifluoro-, CFC-13 [kg]","air / unspecified",0.0,5.0049793502106E-11,0.0,0.0,0.0,0.0,0.0,0.0,0.0,0.0,0.0,0.0,0.0,0.0,0.0,0.0,0.0,0.0,0.0,0.0,0.0
"Silver, ion [kg]","resource / in ground",0.0,-1.707306886409853E-12,0.0,0.0,0.0,0.0,0.0,0.0,0.0,0.0,0.0,0.0,0.0,0.0,0.0,0.0,0.0,0.0,0.0,0.0,0.0
"Lead [kg]","resource / in ground",0.0,-6.503426833620799E-7,0.0,0.0,0.0,0.0,0.0,0.0,0.0,0.0,0.0,0.0,0.0,0.0,0.0,0.0,0.0,0.0,0.0,0.0,0.0
"Chloride [kg]","air / unspecified",0.0,5.26865043603491E-10,0.0,0.0,0.0,0.0,0.0,0.0,0.0,0.0,0.0,0.0,0.0,0.0,0.0,0.0,0.0,0.0,0.0,0.0,0.0
"Anthracene [kg]","air / unspecified",0.0,4.8277079572233376E-14,0.0,0.0,0.0,0.0,0.0,0.0,0.0,0.0,0.0,0.0,0.0,0.0,0.0,0.0,0.0,0.0,0.0,0.0,0.0
"Scandium [kg]","air / unspecified",0.0,7.747619816504888E-15,0.0,0.0,0.0,0.0,0.0,0.0,0.0,0.0,0.0,0.0,0.0,0.0,0.0,0.0,0.0,0.0,0.0,0.0,0.0
"Thallium [kg]","air / unspecified",0.0,2.813448977215199E-10,0.0,0.0,0.0,0.0,0.0,0.0,0.0,0.0,0.0,0.0,0.0,0.0,0.0,0.0,0.0,0.0,0.0,0.0,0.0
"Manganese [kg]","soil / unspecified",0.0,2.6205086441441755E-11,0.0,0.0,0.0,0.0,0.0,0.0,0.0,0.0,0.0,0.0,0.0,0.0,0.0,0.0,0.0,0.0,0.0,0.0,0.0
"Hexane [kg]","water / ocean",0.0,4.626143690207772E-16,0.0,0.0,0.0,0.0,0.0,0.0,0.0,0.0,0.0,0.0,0.0,0.0,0.0,0.0,0.0,0.0,0.0,0.0,0.0
"Talc, in ground [kg]","resource / in ground",0.0,-1.003904830835942E-10,0.0,0.0,0.0,0.0,0.0,0.0,0.0,0.0,0.0,0.0,0.0,0.0,0.0,0.0,0.0,0.0,0.0,0.0,0.0
"Carbon-14 [kBq]","water / fresh water",0.0,2.971990646612809E-6,0.0,0.0,0.0,0.0,0.0,0.0,0.0,0.0,0.0,0.0,0.0,0.0,0.0,0.0,0.0,0.0,0.0,0.0,0.0
"Magnesium chloride [kg]","resource / in ground",0.0,-6.765503860223479E-5,0.0,0.0,0.0,0.0,0.0,0.0,0.0,0.0,0.0,0.0,0.0,0.0,0.0,0.0,0.0,0.0,0.0,0.0,0.0
"Silver-110 [kBq]","water / fresh water",0.0,8.914398634852603E-11,0.0,0.0,0.0,0.0,0.0,0.0,0.0,0.0,0.0,0.0,0.0,0.0,0.0,0.0,0.0,0.0,0.0,0.0,0.0
"AOX, Adsorbable Organic Halogen as Cl [kg]","water / fresh water",0.0,8.118528761205378E-10,0.0,0.0,0.0,0.0,0.0,0.0,0.0,0.0,0.0,0.0,0.0,0.0,0.0,0.0,0.0,0.0,0.0,0.0,0.0
"Sulfide [kg]","soil / unspecified",0.0,1.140695970326572E-8,0.0,0.0,0.0,0.0,0.0,0.0,0.0,0.0,0.0,0.0,0.0,0.0,0.0,0.0,0.0,0.0,0.0,0.0,0.0
"Acenaphthylene [kg]","water / fresh water",0.0,3.970058460957804E-14,0.0,0.0,0.0,0.0,0.0,0.0,0.0,0.0,0.0,0.0,0.0,0.0,0.0,0.0,0.0,0.0,0.0,0.0,0.0
"Carbonate [kg]","water / fresh water",0.0,3.159522583535293E-8,0.0,0.0,0.0,0.0,0.0,0.0,0.0,0.0,0.0,0.0,0.0,0.0,0.0,0.0,0.0,0.0,0.0,0.0,0.0
"Magnesium [kg]","water / ocean",0.0,7.21364554188643E-11,0.0,0.0,0.0,0.0,0.0,0.0,0.0,0.0,0.0,0.0,0.0,0.0,0.0,0.0,0.0,0.0,0.0,0.0,0.0
"Uranium-238 [kBq]","water / fresh water",0.0,1.7389702448933665E-5,0.0,0.0,0.0,0.0,0.0,0.0,0.0,0.0,0.0,0.0,0.0,0.0,0.0,0.0,0.0,0.0,0.0,0.0,0.0
"Nickel [kg]","soil / unspecified",0.0,4.1420253756976755E-11,0.0,0.0,0.0,0.0,0.0,0.0,0.0,0.0,0.0,0.0,0.0,0.0,0.0,0.0,0.0,0.0,0.0,0.0,0.0
"Nickel [kg]","water / fresh water",0.0,2.7737263626248137E-9,0.0,0.0,0.0,0.0,0.0,0.0,0.0,0.0,0.0,0.0,0.0,0.0,0.0,0.0,0.0,0.0,0.0,0.0,0.0
"Nitrate [kg]","water / fresh water",0.0,2.395096834201843E-6,0.0,0.0,0.0,0.0,0.0,0.0,0.0,0.0,0.0,0.0,0.0,0.0,0.0,0.0,0.0,0.0,0.0,0.0,0.0
"Xenon-138 [kBq]","air / unspecified",0.0,3.2723375341608105E-6,0.0,0.0,0.0,0.0,0.0,0.0,0.0,0.0,0.0,0.0,0.0,0.0,0.0,0.0,0.0,0.0,0.0,0.0,0.0
"Indeno(1,2,3-cd)pyrene [kg]","air / unspecified",0.0,1.612595559824074E-14,0.0,0.0,0.0,0.0,0.0,0.0,0.0,0.0,0.0,0.0,0.0,0.0,0.0,0.0,0.0,0.0,0.0,0.0,0.0
"Silver [kg]","water / ocean",0.0,4.81387126024519E-15,0.0,0.0,0.0,0.0,0.0,0.0,0.0,0.0,0.0,0.0,0.0,0.0,0.0,0.0,0.0,0.0,0.0,0.0,0.0
"Acetone [kg]","air / unspecified",0.0,5.72108925499505E-10,0.0,0.0,0.0,0.0,0.0,0.0,0.0,0.0,0.0,0.0,0.0,0.0,0.0,0.0,0.0,0.0,0.0,0.0,0.0
"Barium [kg]","water / fresh water",0.0,5.699122434020343E-10,0.0,0.0,0.0,0.0,0.0,0.0,0.0,0.0,0.0,0.0,0.0,0.0,0.0,0.0,0.0,0.0,0.0,0.0,0.0
"Titanium [kg]","resource / in ground",0.0,-1.8929921320752054E-8,0.0,0.0,0.0,0.0,0.0,0.0,0.0,0.0,0.0,0.0,0.0,0.0,0.0,0.0,0.0,0.0,0.0,0.0,0.0
"Plutonium-alpha [kBq]","water / fresh water",0.0,2.3412025553887639E-7,0.0,0.0,0.0,0.0,0.0,0.0,0.0,0.0,0.0,0.0,0.0,0.0,0.0,0.0,0.0,0.0,0.0,0.0,0.0
"Water, river [m3]","resource / in water",0.0,1.5017715670532058E-4,0.0,0.0,0.0,0.0,0.0,0.0,0.0,0.0,0.0,0.0,0.0,0.0,0.0,0.0,0.0,0.0,0.0,0.0,0.0
"Ammonium, ion [kg]","air / unspecified",0.0,1.1173816835035955E-13,0.0,0.0,0.0,0.0,0.0,0.0,0.0,0.0,0.0,0.0,0.0,0.0,0.0,0.0,0.0,0.0,0.0,0.0,0.0
"Chloride [kg]","soil / unspecified",0.0,2.024700061011526E-8,0.0,0.0,0.0,0.0,0.0,0.0,0.0,0.0,0.0,0.0,0.0,0.0,0.0,0.0,0.0,0.0,0.0,0.0,0.0
"Arsine [kg]","air / unspecified",0.0,1.83611910451059E-14,0.0,0.0,0.0,0.0,0.0,0.0,0.0,0.0,0.0,0.0,0.0,0.0,0.0,0.0,0.0,0.0,0.0,0.0,0.0
"Sulfate [kg]","water / ocean",0.0,6.285296409913012E-8,0.0,0.0,0.0,0.0,0.0,0.0,0.0,0.0,0.0,0.0,0.0,0.0,0.0,0.0,0.0,0.0,0.0,0.0,0.0
"Ammonia [kg]","water / fresh water",0.0,5.085980625531674E-7,0.0,0.0,0.0,0.0,0.0,0.0,0.0,0.0,0.0,0.0,0.0,0.0,0.0,0.0,0.0,0.0,0.0,0.0,0.0
"Methane, tetrafluoro-, R-14 [kg]","air / unspecified",0.0,1.3907115065470026E-12,0.0,0.0,0.0,0.0,0.0,0.0,0.0,0.0,0.0,0.0,0.0,0.0,0.0,0.0,0.0,0.0,0.0,0.0,0.0
"peat;  8.4 MJ/kg [kWh]","resource / in ground",0.0,-1.9913720669743822E-5,0.0,0.0,0.0,0.0,0.0,0.0,0.0,0.0,0.0,0.0,0.0,0.0,0.0,0.0,0.0,0.0,0.0,0.0,0.0
"Arsenic [kg]","soil / unspecified",0.0,4.683557115744577E-14,0.0,0.0,0.0,0.0,0.0,0.0,0.0,0.0,0.0,0.0,0.0,0.0,0.0,0.0,0.0,0.0,0.0,0.0,0.0
"brown coal;  11.9 MJ/kg [kWh]","resource / in ground",0.0,-0.0036058234206539606,0.0,0.0,0.0,0.0,0.0,0.0,0.0,0.0,0.0,0.0,0.0,0.0,0.0,0.0,0.0,0.0,0.0,0.0,0.0
"Methanol [kg]","water / fresh water",0.0,3.6560366385033446E-8,0.0,0.0,0.0,0.0,0.0,0.0,0.0,0.0,0.0,0.0,0.0,0.0,0.0,0.0,0.0,0.0,0.0,0.0,0.0
"Dolomite, in ground [kg]","resource / in ground",0.0,-1.84180010062164E-10,0.0,0.0,0.0,0.0,0.0,0.0,0.0,0.0,0.0,0.0,0.0,0.0,0.0,0.0,0.0,0.0,0.0,0.0,0.0
"Aluminium [kg]","water / ocean",0.0,1.8906848125197014E-14,0.0,0.0,0.0,0.0,0.0,0.0,0.0,0.0,0.0,0.0,0.0,0.0,0.0,0.0,0.0,0.0,0.0,0.0,0.0
"Clay, unspecified, in ground [kg]","resource / in ground",0.0,-4.6784336014631917E-7,0.0,0.0,0.0,0.0,0.0,0.0,0.0,0.0,0.0,0.0,0.0,0.0,0.0,0.0,0.0,0.0,0.0,0.0,0.0
"Manganese [kg]","water / fresh water",0.0,4.372333339657724E-9,0.0,0.0,0.0,0.0,0.0,0.0,0.0,0.0,0.0,0.0,0.0,0.0,0.0,0.0,0.0,0.0,0.0,0.0,0.0
"Fluoride [kg]","water / fresh water",0.0,3.3292814663168364E-6,0.0,0.0,0.0,0.0,0.0,0.0,0.0,0.0,0.0,0.0,0.0,0.0,0.0,0.0,0.0,0.0,0.0,0.0,0.0
"Zinc [kg]","water / fresh water",0.0,4.166225086333818E-10,0.0,0.0,0.0,0.0,0.0,0.0,0.0,0.0,0.0,0.0,0.0,0.0,0.0,0.0,0.0,0.0,0.0,0.0,0.0
"Hydrogen-3, Tritium [kBq]","water / fresh water",0.0,0.08669865660809935,0.0,0.0,0.0,0.0,0.0,0.0,0.0,0.0,0.0,0.0,0.0,0.0,0.0,0.0,0.0,0.0,0.0,0.0,0.0
"Selenium [kg]","water / fresh water",0.0,1.8078637380048677E-10,0.0,0.0,0.0,0.0,0.0,0.0,0.0,0.0,0.0,0.0,0.0,0.0,0.0,0.0,0.0,0.0,0.0,0.0,0.0
"Helium [kg]","air / unspecified",0.0,1.677450150484421E-10,0.0,0.0,0.0,0.0,0.0,0.0,0.0,0.0,0.0,0.0,0.0,0.0,0.0,0.0,0.0,0.0,0.0,0.0,0.0
"Barium [kg]","water / ocean",0.0,2.324114561324062E-9,0.0,0.0,0.0,0.0,0.0,0.0,0.0,0.0,0.0,0.0,0.0,0.0,0.0,0.0,0.0,0.0,0.0,0.0,0.0
"Aluminium [kg]","water / fresh water",0.0,3.3616419543000515E-8,0.0,0.0,0.0,0.0,0.0,0.0,0.0,0.0,0.0,0.0,0.0,0.0,0.0,0.0,0.0,0.0,0.0,0.0,0.0
"Carbon monoxide [kg]","air / unspecified",0.0,3.2355211927010837E-6,0.0,0.0,0.0,0.0,0.0,0.0,0.0,0.0,0.0,0.0,0.0,0.0,0.0,0.0,0.0,0.0,0.0,0.0,0.0
"Benzene, 1,3,5-trimethyl- [kg]","air / unspecified",0.0,9.688452243112103E-16,0.0,0.0,0.0,0.0,0.0,0.0,0.0,0.0,0.0,0.0,0.0,0.0,0.0,0.0,0.0,0.0,0.0,0.0,0.0
"Arsenic trioxide [kg]","air / unspecified",0.0,2.2121916846044883E-16,0.0,0.0,0.0,0.0,0.0,0.0,0.0,0.0,0.0,0.0,0.0,0.0,0.0,0.0,0.0,0.0,0.0,0.0,0.0
"Decane [kg]","water / ocean",0.0,5.119470429373206E-9,0.0,0.0,0.0,0.0,0.0,0.0,0.0,0.0,0.0,0.0,0.0,0.0,0.0,0.0,0.0,0.0,0.0,0.0,0.0
"BOD5, Biological Oxygen Demand [kg]","water / fresh water",0.0,3.961194878474486E-8,0.0,0.0,0.0,0.0,0.0,0.0,0.0,0.0,0.0,0.0,0.0,0.0,0.0,0.0,0.0,0.0,0.0,0.0,0.0
"Cesium-134 [kBq]","air / unspecified",0.0,1.6297396570223537E-8,0.0,0.0,0.0,0.0,0.0,0.0,0.0,0.0,0.0,0.0,0.0,0.0,0.0,0.0,0.0,0.0,0.0,0.0,0.0
"Vanadium [kg]","water / fresh water",0.0,3.290507681620848E-10,0.0,0.0,0.0,0.0,0.0,0.0,0.0,0.0,0.0,0.0,0.0,0.0,0.0,0.0,0.0,0.0,0.0,0.0,0.0
"VOC, volatile organic compounds, unspecified origin [kg]","water / ocean",0.0,3.6708850353487345E-12,0.0,0.0,0.0,0.0,0.0,0.0,0.0,0.0,0.0,0.0,0.0,0.0,0.0,0.0,0.0,0.0,0.0,0.0,0.0
"Benzene [kg]","water / fresh water",0.0,2.2525322282086083E-10,0.0,0.0,0.0,0.0,0.0,0.0,0.0,0.0,0.0,0.0,0.0,0.0,0.0,0.0,0.0,0.0,0.0,0.0,0.0
"wood;  14.7 MJ/kg [kWh]","resource / biotic",0.0,-5.209791113820546E-7,0.0,0.0,0.0,0.0,0.0,0.0,0.0,0.0,0.0,0.0,0.0,0.0,0.0,0.0,0.0,0.0,0.0,0.0,0.0
"Nitrogen [kg]","resource / in air",0.0,-3.242973071159969E-12,0.0,0.0,0.0,0.0,0.0,0.0,0.0,0.0,0.0,0.0,0.0,0.0,0.0,0.0,0.0,0.0,0.0,0.0,0.0
"Gold [kg]","resource / in ground",0.0,-9.92074897087881E-15,0.0,0.0,0.0,0.0,0.0,0.0,0.0,0.0,0.0,0.0,0.0,0.0,0.0,0.0,0.0,0.0,0.0,0.0,0.0
"Cobalt [kg]","water / fresh water",0.0,1.2381335137429732E-13,0.0,0.0,0.0,0.0,0.0,0.0,0.0,0.0,0.0,0.0,0.0,0.0,0.0,0.0,0.0,0.0,0.0,0.0,0.0
"COD, Chemical Oxygen Demand [kg]","water / ocean",0.0,1.4894173301571813E-8,0.0,0.0,0.0,0.0,0.0,0.0,0.0,0.0,0.0,0.0,0.0,0.0,0.0,0.0,0.0,0.0,0.0,0.0,0.0
"Chloride [kg]","water / fresh water",0.0,0.0010564141685326673,0.0,0.0,0.0,0.0,0.0,0.0,0.0,0.0,0.0,0.0,0.0,0.0,0.0,0.0,0.0,0.0,0.0,0.0,0.0
"Aluminium [kg]","soil / unspecified",0.0,1.3124035269567223E-10,0.0,0.0,0.0,0.0,0.0,0.0,0.0,0.0,0.0,0.0,0.0,0.0,0.0,0.0,0.0,0.0,0.0,0.0,0.0
"Styrene [kg]","air / unspecified",0.0,1.6402130682047008E-15,0.0,0.0,0.0,0.0,0.0,0.0,0.0,0.0,0.0,0.0,0.0,0.0,0.0,0.0,0.0,0.0,0.0,0.0,0.0
"Iron [kg]","resource / in ground",0.0,-9.977949061708536E-6,0.0,0.0,0.0,0.0,0.0,0.0,0.0,0.0,0.0,0.0,0.0,0.0,0.0,0.0,0.0,0.0,0.0,0.0,0.0
"Chromium VI [kg]","water / fresh water",0.0,1.8506730194483563E-9,0.0,0.0,0.0,0.0,0.0,0.0,0.0,0.0,0.0,0.0,0.0,0.0,0.0,0.0,0.0,0.0,0.0,0.0,0.0
"COD, Chemical Oxygen Demand [kg]","water / fresh water",0.0,7.009026232877101E-5,0.0,0.0,0.0,0.0,0.0,0.0,0.0,0.0,0.0,0.0,0.0,0.0,0.0,0.0,0.0,0.0,0.0,0.0,0.0
"Acenaphthylene [kg]","water / ocean",0.0,1.2457522175496154E-12,0.0,0.0,0.0,0.0,0.0,0.0,0.0,0.0,0.0,0.0,0.0,0.0,0.0,0.0,0.0,0.0,0.0,0.0,0.0
"Radium-226 [kBq]","water / fresh water",0.0,9.675720918536465E-4,0.0,0.0,0.0,0.0,0.0,0.0,0.0,0.0,0.0,0.0,0.0,0.0,0.0,0.0,0.0,0.0,0.0,0.0,0.0
"Antimony-125 [kBq]","water / fresh water",0.0,4.1562026452124223E-10,0.0,0.0,0.0,0.0,0.0,0.0,0.0,0.0,0.0,0.0,0.0,0.0,0.0,0.0,0.0,0.0,0.0,0.0,0.0
"Ethene [kg]","air / unspecified",0.0,3.189699684008417E-11,0.0,0.0,0.0,0.0,0.0,0.0,0.0,0.0,0.0,0.0,0.0,0.0,0.0,0.0,0.0,0.0,0.0,0.0,0.0
"Molybdenum [kg]","water / ocean",0.0,1.6225025696091007E-15,0.0,0.0,0.0,0.0,0.0,0.0,0.0,0.0,0.0,0.0,0.0,0.0,0.0,0.0,0.0,0.0,0.0,0.0,0.0
"Carbon-14 [kBq]","air / unspecified",0.0,5.954609542260583E-5,0.0,0.0,0.0,0.0,0.0,0.0,0.0,0.0,0.0,0.0,0.0,0.0,0.0,0.0,0.0,0.0,0.0,0.0,0.0
"Fluoride [kg]","soil / unspecified",0.0,5.765570189648562E-10,0.0,0.0,0.0,0.0,0.0,0.0,0.0,0.0,0.0,0.0,0.0,0.0,0.0,0.0,0.0,0.0,0.0,0.0,0.0
"Sulfur [kg]","water / fresh water",0.0,2.1334672030657922E-13,0.0,0.0,0.0,0.0,0.0,0.0,0.0,0.0,0.0,0.0,0.0,0.0,0.0,0.0,0.0,0.0,0.0,0.0,0.0
"Ammonia [kg]","soil / unspecified",0.0,5.868438695089173E-8,0.0,0.0,0.0,0.0,0.0,0.0,0.0,0.0,0.0,0.0,0.0,0.0,0.0,0.0,0.0,0.0,0.0,0.0,0.0
"Ethanol [kg]","air / unspecified",0.0,1.253036314148712E-9,0.0,0.0,0.0,0.0,0.0,0.0,0.0,0.0,0.0,0.0,0.0,0.0,0.0,0.0,0.0,0.0,0.0,0.0,0.0
"Tin [kg]","water / ocean",0.0,5.765918222577793E-15,0.0,0.0,0.0,0.0,0.0,0.0,0.0,0.0,0.0,0.0,0.0,0.0,0.0,0.0,0.0,0.0,0.0,0.0,0.0
"Chloride [kg]","water / ocean",0.0,1.1512784118882755E-5,0.0,0.0,0.0,0.0,0.0,0.0,0.0,0.0,0.0,0.0,0.0,0.0,0.0,0.0,0.0,0.0,0.0,0.0,0.0
"Silver [kg]","water / fresh water",0.0,1.1339979470599659E-12,0.0,0.0,0.0,0.0,0.0,0.0,0.0,0.0,0.0,0.0,0.0,0.0,0.0,0.0,0.0,0.0,0.0,0.0,0.0
"Uranium [kWh]","resource / in ground",0.0,-0.007873017882252958,0.0,0.0,0.0,0.0,0.0,0.0,0.0,0.0,0.0,0.0,0.0,0.0,0.0,0.0,0.0,0.0,0.0,0.0,0.0
"BOD5, Biological Oxygen Demand [kg]","water / ocean",0.0,3.6708850353487343E-10,0.0,0.0,0.0,0.0,0.0,0.0,0.0,0.0,0.0,0.0,0.0,0.0,0.0,0.0,0.0,0.0,0.0,0.0,0.0
"Xylene [kg]","water / ocean",0.0,2.7956451302715513E-10,0.0,0.0,0.0,0.0,0.0,0.0,0.0,0.0,0.0,0.0,0.0,0.0,0.0,0.0,0.0,0.0,0.0,0.0,0.0
"Hydroxide [kg]","water / fresh water",0.0,6.497894537070553E-12,0.0,0.0,0.0,0.0,0.0,0.0,0.0,0.0,0.0,0.0,0.0,0.0,0.0,0.0,0.0,0.0,0.0,0.0,0.0
"Energy, primary, from water power [kWh]","resource / in water",0.0,-7.020584115938219E-4,0.0,0.0,0.0,0.0,0.0,0.0,0.0,0.0,0.0,0.0,0.0,0.0,0.0,0.0,0.0,0.0,0.0,0.0,0.0
"Chromium, ion [kg]","soil / forestry",0.0,1.6180837764672726E-15,0.0,0.0,0.0,0.0,0.0,0.0,0.0,0.0,0.0,0.0,0.0,0.0,0.0,0.0,0.0,0.0,0.0,0.0,0.0
"Acidity, unspecified [kg]","water / fresh water",0.0,2.2924472124912907E-10,0.0,0.0,0.0,0.0,0.0,0.0,0.0,0.0,0.0,0.0,0.0,0.0,0.0,0.0,0.0,0.0,0.0,0.0,0.0
"Curium alpha [kBq]","water / fresh water",0.0,7.775419617003572E-8,0.0,0.0,0.0,0.0,0.0,0.0,0.0,0.0,0.0,0.0,0.0,0.0,0.0,0.0,0.0,0.0,0.0,0.0,0.0
"Tin [kg]","water / fresh water",0.0,4.2839587267843176E-14,0.0,0.0,0.0,0.0,0.0,0.0,0.0,0.0,0.0,0.0,0.0,0.0,0.0,0.0,0.0,0.0,0.0,0.0,0.0
"Cobalt-60 [kBq]","air / unspecified",0.0,2.5894519577614206E-9,0.0,0.0,0.0,0.0,0.0,0.0,0.0,0.0,0.0,0.0,0.0,0.0,0.0,0.0,0.0,0.0,0.0,0.0,0.0
"Antimony-124 [kBq]","air / unspecified",0.0,2.057059019669371E-11,0.0,0.0,0.0,0.0,0.0,0.0,0.0,0.0,0.0,0.0,0.0,0.0,0.0,0.0,0.0,0.0,0.0,0.0,0.0
"Hexane [kg]","water / fresh water",0.0,6.747436005286789E-16,0.0,0.0,0.0,0.0,0.0,0.0,0.0,0.0,0.0,0.0,0.0,0.0,0.0,0.0,0.0,0.0,0.0,0.0,0.0
"Nitrogen, atmospheric [kg]","air / unspecified",0.0,4.188706298208858E-6,0.0,0.0,0.0,0.0,0.0,0.0,0.0,0.0,0.0,0.0,0.0,0.0,0.0,0.0,0.0,0.0,0.0,0.0,0.0
"Boron [kg]","water / fresh water",0.0,7.313894380228327E-9,0.0,0.0,0.0,0.0,0.0,0.0,0.0,0.0,0.0,0.0,0.0,0.0,0.0,0.0,0.0,0.0,0.0,0.0,0.0
"Energy, primary, from wind power [kWh]","resource / in air",0.0,-3.4742983032426904E-4,0.0,0.0,0.0,0.0,0.0,0.0,0.0,0.0,0.0,0.0,0.0,0.0,0.0,0.0,0.0,0.0,0.0,0.0,0.0
"natural gas;  44.1 MJ/kg [kWh]","resource / in ground",0.0,-0.007046656748968718,0.0,0.0,0.0,0.0,0.0,0.0,0.0,0.0,0.0,0.0,0.0,0.0,0.0,0.0,0.0,0.0,0.0,0.0,0.0
"Surfactants, unspecified [kg]","water / unspecified",0.0,0.0,0.0,0.0,0.0,0.0,0.0,0.0,0.0,0.0,0.0,0.0,0.0,0.0,0.0,0.0,0.0,1.24E-7,0.0,0.0,0.0
"Chromium [kg]","water / unspecified",0.0,0.0,0.0,0.0,0.0,0.0,0.0,0.0,0.0,0.0,0.0,0.0,0.0,0.0,0.0,0.0,0.0,6.19E-7,0.0,0.0,0.0
"Fluorene [kg]","water / unspecified",0.0,0.0,0.0,0.0,0.0,0.0,0.0,0.0,0.0,0.0,0.0,0.0,0.0,0.0,0.0,0.0,0.0,1.28E-9,0.0,0.0,0.0
"Gas, natural, 49.8 MJ per kg, in ground [kg]","resource / fossil-",0.0,0.0,0.0,0.0,0.0,0.0,0.0,0.0,0.0,0.0,0.0,0.0,0.0,0.0,0.0,0.0,0.0,-1.04,0.0,0.0,0.0
"p-Xylene [kg]","water / unspecified",0.0,0.0,0.0,0.0,0.0,0.0,0.0,0.0,0.0,0.0,0.0,0.0,0.0,0.0,0.0,0.0,0.0,2.76E-9,0.0,0.0,0.0
"o-Xylene [kg]","water / unspecified",0.0,0.0,0.0,0.0,0.0,0.0,0.0,0.0,0.0,0.0,0.0,0.0,0.0,0.0,0.0,0.0,0.0,2.76E-9,0.0,0.0,0.0
"Copper [kg]","water / unspecified",0.0,0.0,0.0,0.0,0.0,0.0,0.0,0.0,0.0,0.0,0.0,0.0,0.0,0.0,0.0,0.0,0.0,6.72E-8,0.0,0.0,0.0
"4-Methyl-2-pentanone [kg]","water / unspecified",0.0,0.0,0.0,0.0,0.0,0.0,0.0,0.0,0.0,0.0,0.0,0.0,0.0,0.0,0.0,0.0,0.0,7.4E-10,0.0,0.0,0.0
"Dummy_Disposal, solid waste, unspecified, to sanitary landfill [kg]","",0.0,0.0,0.0,0.0,0.0,-2.0E-4,0.0,0.0,0.0,0.0,0.0,0.0,0.0,0.0,0.0,0.0,0.0,-0.0247,0.0,0.0,0.0
"Natural gas, combusted in industrial equipment [m3]","",0.0,0.0,0.0,0.0,0.0,0.0,0.0,0.0,0.0,0.0,0.0,0.0,-0.0121378329004437,0.0,0.0,0.0,0.0,0.0,0.0,0.0,0.0
"BTEX (Benzene, Toluene, Ethylbenzene, and Xylene), unspecified ratio [kg]","air / unspecified",0.0,0.0,0.0,0.0,0.0,0.0,0.0,0.0,0.0,0.0,0.0,0.0,0.0,0.0,0.0,2.53E-4,0.0,0.0,0.0,0.0,0.0
"Oil and grease, unspecified [kg]","water / unspecified",0.0,0.0,0.0,0.0,0.0,5.0E-5,0.0,0.0,0.0,0.0,0.0,0.0,0.0,0.0,0.0,0.0,0.0,0.0,0.0,0.0,0.0
"Transport, train, diesel powered [t*km]","",0.0,0.0,0.0,0.0,0.0,-0.00429,0.0,0.0,0.0,0.0,0.0,0.0,0.0,0.0,0.0,0.0,0.0,0.0,0.0,0.0,0.0
"Nitrogen, in air [kg]","resource / ground-",0.0,0.0,0.0,0.0,0.0,-0.418,0.0,0.0,0.0,0.0,0.0,0.0,0.0,0.0,0.0,0.0,0.0,0.0,0.0,0.0,0.0
"Water, process, unspecified natural origin/m3 [m3]","water / unspecified",0.0,0.0,0.0,0.0,0.0,-0.00153,0.0,0.0,0.0,0.0,0.0,0.0,0.0,0.0,0.0,0.0,0.0,0.0,0.0,0.0,0.0
"Organic substances, unspecified [kg]","air / unspecified",0.0,0.0,0.0,0.0,0.0,0.001,0.0,0.0,0.0,0.0,0.0,0.0,0.0,0.0,0.0,0.0,0.0,0.0,0.0,0.0,0.0
"Transport, combination truck, diesel powered [t*km]","",0.0,0.0,0.0,0.0,0.0,-0.00429,0.0,0.0,0.0,0.0,0.0,0.0,0.0,0.0,0.0,0.0,0.0,0.0,0.0,0.0,0.0
